產業類別,公司代號,公司名稱,非擔任主管職務之全時員工資訊-員工薪資總額(仟元),非擔任主管職務之全時員工資訊-員工人數-年度平均(人),非擔任主管職務之全時員工資訊-員工薪資-平均數(仟元/人)-111年,非擔任主管職務之全時員工資訊-員工薪資-平均數(仟元/人)-110年,非擔任主管職務之全時員工資訊-員工薪資-中位數(仟元/人)-111年,非擔任主管職務之全時員工資訊-員工薪資-中位數(仟元/人)-110年,非擔任主管職務之全時員工資訊-每股盈餘(元/股),同業公司資訊-員工薪資-平均數(仟元/人),同業公司資訊-平均每股盈餘(元/股),薪資統計情形-非經理人之全時員工薪資平均數未達50萬元,薪資統計情形-公司EPS獲利表現較同業為佳，惟非經理人之全時員工薪資平均數低於同業水準,薪資統計情形-公司EPS較前一年度成長，惟非經理人之全時員工薪資平均數較前一年度減少),薪資統計情形-公司經營績效與員工薪酬之關聯性及合理性說明
水泥工業,1101,台泥,1173585,1139,1030,1082,922,958,0.74,881,1.57,N,N,N,
水泥工業,1102,亞泥,482801,457,1056,1110,930,1003,3.63,881,1.57,N,N,N,
水泥工業,1103,嘉泥,64600,74,873,1139,805,923,-0.28,881,1.57,N,N,N,
水泥工業,1104,環泥,348067,437,796,760,724,678,3.12,881,1.57,N,Y,N,"環泥111年度EPS(3.12元)較高,主要係因營業外收入-採用權益法認列之關聯企業損益份額增加所致。"
水泥工業,1108,幸福,212260,366,580,523,521,478,1.44,881,1.57,N,N,N,
水泥工業,1109,信大,208544,325,642,664,607,624,1.17,881,1.57,N,N,N,
水泥工業,1110,東泥,61150,97,630,603,607,587,0.26,881,1.57,N,N,N,
食品工業,1201,味全,947319,1291,734,735,675,657,0.47,837,2.86,N,N,N,
食品工業,1203,味王,423753,696,609,585,579,555,2.63,837,2.86,N,N,N,
食品工業,1210,大成,1764835,2485,710,697,600,598,2.59,837,2.86,N,N,N,
食品工業,1213,大飲,37147,92,404,446,384,402,-1.34,837,2.86,Y,N,Y,因疫情影響，公司營收不如預期，非經理人之全時員工薪資平均數雖未達，但非主管同仁薪資仍依基本工資做調整。
食品工業,1215,卜蜂,1497311,2251,665,579,508,497,5.28,837,2.86,N,Y,N,"1.111年因疫情因素,員工普遍請假天數增多,薪資減少。
2.產能不足減產,導致加班費降低,影響到薪資結構。"
食品工業,1216,統一,6272450,5304,1183,1217,1012,1043,3.02,837,2.86,N,N,N,
食品工業,1217,愛之味,356405,518,688,684,590,582,0.56,837,2.86,N,N,N,
食品工業,1218,泰山,539096,514,1049,737,853,634,12.17,837,2.86,N,N,N,
食品工業,1219,福壽,385289,565,682,647,625,599,1,837,2.86,N,N,N,
食品工業,1220,台榮,105664,185,571,603,537,553,0.26,837,2.86,N,N,N,
食品工業,1225,福懋油,149349,215,695,701,621,614,1.69,837,2.86,N,N,N,
食品工業,1227,佳格,807691,944,856,827,767,758,1.34,837,2.86,N,N,N,
食品工業,1229,聯華,894104,1194,749,738,680,673,2.63,837,2.86,N,N,N,
食品工業,1231,聯華食,1360371,1982,686,634,582,534,3.89,837,2.86,N,Y,N,本公司雇用基層生產線作業人員佔比高達70%，其中外籍同仁及未全年在職人數佔37%。員工薪資平均數已較去年成長約8.2%，本公司秉持共創價值、分享利益、均霑喜悅之理念，將持續優化同仁薪酬水準。
食品工業,1232,大統益,220330,139,1585,1591,1362,1382,7.66,837,2.86,N,N,N,
食品工業,1233,天仁,436808,803,544,509,487,455,0.57,837,2.86,N,N,N,
食品工業,1234,黑松,409411,502,816,779,733,577,2.21,837,2.86,N,N,N,
食品工業,1235,興泰,6314,15,421,395,440,406,1.31,837,2.86,Y,N,N,"1.本公司已成立40多年，老員工已退休，目前員工為年資較淺之新員工。
2.公司獲利原因為業外投資收益，本業實則處於虧損狀態。
3.公司依各別員工表現予以調高薪資,並不定期加發獎金以提振員工士氣。"
食品工業,1236,宏亞,294728,590,500,487,440,457,3.91,837,2.86,N,Y,N,"2.本公司111年度EPS 3.91 較同業2.86為佳，惟薪資平均數500仟元較同業平均837為低，主係處分不動產、廠房及設備使營業外收入增加445,345仟元所致，由於此為一次性獲利，故未能大幅提升薪資平均數。"
塑膠工業,1301,台塑,8822954,6310,1398,1506,1270,1403,5.68,1219,2.56,N,N,N,
塑膠工業,1303,南亞,15007930,12124,1238,1410,1161,1369,4.05,1219,2.56,N,N,N,
塑膠工業,1304,台聚,670359,443,1513,1471,1376,1318,1.45,1219,2.56,N,N,N,公司於年度營業終了，結算如有盈餘，除繳納稅捐、彌補虧損及提列股息公積金外，視整體營運發展及同仁績效等綜合考量後，在法遵前提下並考量外部競爭及內部衡平性，發給年終獎金及進行年度調薪。
塑膠工業,1305,華夏,622964,661,942,1190,904,1165,-0.64,1219,2.56,N,N,N,本公司員工酬勞制度在公司章程中已訂定「年度如有獲利應分派員工酬勞不低於當年度獲利百分之一」，所有本公司員工均可分享公司經營成果。
塑膠工業,1307,三芳,478051,654,731,627,694,600,1.18,1219,2.56,N,N,N,
塑膠工業,1308,亞聚,321888,216,1490,1439,1407,1346,2.44,1219,2.56,N,N,N,"公司於年度營業終了，結算如有盈餘，除繳納
稅捐、彌補虧損及提列股息公積金外，視整體
營運發展及同仁績效等綜合考量後，在法遵前
提下並考量外部競爭及內部衡平性，發給年終
獎金及進行年度調薪。"
塑膠工業,1309,台達化,389567,354,1100,1366,1039,1280,1.04,1219,2.56,N,N,N,每年依公司營運狀況調整員工薪資，並依營運策略全產全銷制訂合理之績效獎金制度，以達營運目標。
塑膠工業,1310,台苯,165057,187,883,1059,793,1018,-0.71,1219,2.56,N,N,N,
塑膠工業,1312,國喬,323930,369,878,1590,774,1426,-0.56,1219,2.56,N,N,N,
塑膠工業,1313,聯成,250499,215,1165,1281,1072,891,-0.94,1219,2.56,N,N,N,
塑膠工業,1314,中石化,1181483,1240,953,989,869,899,0.06,1219,2.56,N,N,N,
塑膠工業,1315,達新,205820,341,604,599,535,520,7.41,1219,2.56,N,Y,N,"1.依學經歷、職等、貢獻度及勞基法規範核薪，並逐年依公司營運及獲利情況調整。
2.營業項目塑膠製品60.25%
3.外籍員工占全體員工14.08%
4.上述說明，成長優於同業、較同業標準低，均屬合理。"
建材營造,1316,上曜,20481,32,640,669,511,592,0.7,908,2.07,N,N,Y,本公司111年度EPS增加，惟年度薪資平均數減少，主要係本年度發放員工建案獎金減少所致(本年度梅菲案建案完工交屋，因原預估獲利因實際建築成本增加而致實際獲利較原預估減少，故本期調整減少前期已發放獎金)。
汽車工業,1319,東陽,2070604,3029,684,619,582,532,3.64,815,-2.37,N,Y,N,本公司為汽車上游零組件業為勞力密集生產型態，與通路服務的汽車銷售業及設計製造的組車廠人力結構有所差異。若與零組件產業比較平均年薪差異不大；另搭配公司調薪，近五年平均年薪自58.9萬增加至68.4萬成長16%。
塑膠工業,1321,大洋,356693,446,800,809,738,750,-0.19,1219,2.56,N,N,N,
塑膠工業,1323,永裕,415288,697,596,597,508,513,2.05,1219,2.56,N,N,N,
塑膠工業,1324,地球,119469,223,536,556,446,456,0.06,1219,2.56,N,N,Y,本公司因111年度退休及離職同仁較新進人員數為多，又因疫情關係，111年度營業額較110年度減少，　因而加班費略為減少所致，公司依章程所訂，盈餘的3%為員工紅利，均反映於員工薪資中。
塑膠工業,1325,恆大,67647,144,470,473,405,389,0.19,1219,2.56,Y,N,N,"公司依學經歷、職位、年資、工作表現、貢獻度及勞基法規範等因素核薪，111年度因稅前獲利較前一年度減少，員工酬勞僅提撥0.5%，金額為118,657元，致使非擔任主管職務之全時員工薪資平均數僅470仟元。"
塑膠工業,1326,台化,6324697,4489,1409,1528,1283,1435,1.26,1219,2.56,N,N,N,
汽車工業,1339,昭輝,154910,239,648,510,495,449,5.51,815,-2.37,N,Y,N,"公司為汽車零件製造廠，不同於整車廠移工人數較低，少子化導致缺工及傳產製造環境影響，台灣人招募不易，因此只能增額錄用移工並繳交增額就業安定基金費，
而此部分並未納入平均薪資統計，致平均薪資較整車廠為低。"
其他,1342,八貫,240003,359,669,643,538,510,7.34,893,2.87,N,Y,N,其他產業別中組成多元，本公司係製造醫療、救生、航太用機能性布料及成品組件為主，與所謂的「同業」營業屬性有相當差異。111年度非擔任主管職務員工平均薪資669千元，較上年度增加7%，經營績效與員工薪酬呈正相關。
紡織纖維,1402,遠東新,4143116,4098,1011,976,864,849,1.63,730,1.47,N,N,N,
紡織纖維,1409,新纖,1330042,1788,744,761,618,611,1.75,730,1.47,N,N,N,
紡織纖維,1410,南染,34197,65,526,537,528,547,0.9,730,1.47,N,N,N,
紡織纖維,1413,宏洲,125463,185,678,648,607,614,0.75,730,1.47,N,N,N,
紡織纖維,1414,東和,116208,202,575,564,529,527,0.47,730,1.47,N,N,N,
其他,1416,廣豐,5624,7,803,766,940,781,0.51,893,2.87,N,N,N,
紡織纖維,1417,嘉裕,151072,288,525,551,473,446,0.56,730,1.47,N,N,Y,110年薪資平均數較高，係因配合部分業務調整，給付優於勞基法條件的優離優退方案，拉高平均年薪總額之短期現象；排除相關金額對110年度影響後，從109年至111年，非擔任主管職務之全時員工薪資平均數是逐年提高的。
紡織纖維,1418,東華,21379,36,594,542,515,478,0.4,730,1.47,N,N,N,
紡織纖維,1419,新紡,359739,499,721,652,610,564,6.92,730,1.47,N,Y,N,出售土地獲利，致EPS優於同業水平。
紡織纖維,1423,利華,23415,45,520,508,481,442,0.53,730,1.47,N,N,N,
運動休閒,1432,大魯閣,163983,318,516,430,425,364,-0.35,920,7.61,N,N,N,
紡織纖維,1434,福懋,1750389,2968,590,567,523,507,2.02,730,1.47,N,Y,N,"1.本公司採穩健薪酬制度，兼顧企業發展與員工生活保障，111年員工薪資平均數較110年成長4.1%。
2.111年移工約540人，佔員工人數18.2%，影響平均工資水準。"
其他,1435,中福,7637,9,849,1005,740,552,-2.15,893,2.87,N,N,N,
建材營造,1436,華友聯,33985,39,871,866,819,842,6.54,908,2.07,N,Y,N,"1.111年大型建案完工認列收入，EPS創歷年新高，致EPS較同業為佳，薪資平均數卻低於同業，111年已調薪1.85%~5%。
2.當年度部份員工異動，新進員工薪資較離職員工稍低及員工晉升經理人，致平均薪資減少。"
其他,1437,勤益控,12889,21,614,696,412,415,2,893,2.87,N,N,N,
建材營造,1438,三地開發,2617,5,523,468,521,443,5.17,908,2.07,N,Y,N,公司獲利表現(EPS)較同業為佳，惟非擔任主管職務的全時員工，年薪資平均數低於同業水準。係因111年度大量進用新進人力，且年資較少，影響平均薪資，導致年薪資平均數低於同業水準。
建材營造,1439,雋揚,4980,7,711,911,700,898,1.14,908,2.07,N,N,N,
紡織纖維,1440,南紡,624422,1006,621,631,546,560,0.7,730,1.47,N,N,N,
紡織纖維,1441,大東,17842,27,661,600,633,559,-2.52,730,1.47,N,N,N,
建材營造,1442,名軒,24470,28,874,871,819,808,1.76,908,2.07,N,N,N,
其他,1443,立益物流,45245,71,637,604,623,574,1.67,893,2.87,N,N,N,
紡織纖維,1444,力麗,596267,1002,595,563,519,488,0.51,730,1.47,N,N,N,
紡織纖維,1445,大宇,175194,292,600,539,515,471,0.08,730,1.47,N,N,N,
紡織纖維,1446,宏和,22496,37,608,577,504,476,-0.27,730,1.47,N,N,N,
紡織纖維,1447,力鵬,738398,1217,607,555,538,499,-0.04,730,1.47,N,N,N,
紡織纖維,1449,佳和,395464,768,515,503,462,482,1.09,730,1.47,N,N,N,
紡織纖維,1451,年興,396481,668,594,595,535,526,2.15,730,1.47,N,Y,Y,"依據統計資料，工廠直接人工和外籍移工人數合計占比超過55%，因此導致平均年薪低於同業水準。
本公司111年度獲利較佳，但因資深人員離職/退休致平均數下降，因此導致平均年薪較前一年度減少。"
紡織纖維,1452,宏益,138290,230,601,740,511,626,0.97,730,1.47,N,N,N,
建材營造,1453,大將,6358,12,530,498,481,479,-0.12,908,2.07,N,N,N,
紡織纖維,1454,台富,206242,372,554,515,509,449,0.26,730,1.47,N,N,N,
紡織纖維,1455,集盛,768386,1181,651,691,569,587,-0.53,730,1.47,N,N,N,"受累於全球不景氣及終端需求萎縮，獲利大幅
減少，依經營積效訂定年終獎金發放基準，發
放基準65天較110年120天大幅減少，若不計外
勞，111年本國員工平均薪資737仟元，仍略高
於同業平均數"
建材營造,1456,怡華,15068,27,558,623,547,626,-0.81,908,2.07,N,N,N,
紡織纖維,1457,宜進,12770,16,798,600,715,589,4.55,730,1.47,N,N,N,
紡織纖維,1459,聯發,80422,165,487,499,432,447,-1.4,730,1.47,Y,N,N,因作業人員以外籍勞工為主，故整體薪資平均數低於同業水準。
紡織纖維,1460,宏遠,810826,1473,550,543,509,501,0.03,730,1.47,N,N,N,
紡織纖維,1463,強盛,95741,174,550,537,520,500,0.42,730,1.47,N,N,N,
紡織纖維,1464,得力,416764,707,589,535,549,494,0.95,730,1.47,N,N,N,本公司於111年主係營運狀況良好，致員工加班費及生產獎金連帶增加，且今年亦有調薪約3%，故薪資隨之提高。
紡織纖維,1465,偉全,86000,148,581,462,492,428,0.93,730,1.47,N,N,N,
紡織纖維,1466,聚隆,207818,344,604,651,551,600,-0.6,730,1.47,N,N,N,
紡織纖維,1467,南緯,123203,174,708,696,603,597,-0.16,730,1.47,N,N,N,
紡織纖維,1468,昶和,23408,43,544,557,470,507,0.23,730,1.47,N,N,Y,"EPS為0.23小於同業1.78，其中營業外收入影響EPS 0.04。
111年員工增加四位，總數增加1,669仟元，其中兩位係建教合作工讀生。"
紡織纖維,1470,大統新創,137208,248,553,591,471,521,0.38,730,1.47,N,N,N,
電子零組件業,1471,首利,21390,28,764,760,756,762,-1.05,1000,8.28,N,N,N,
建材營造,1472,三洋實業,7805,13,600,426,527,354,0.15,908,2.07,N,N,N,
紡織纖維,1473,台南,190943,342,558,532,463,451,2.06,730,1.47,N,Y,N,"1.本公司薪酬制度除保障年薪13個月外，營運獲利另發放員工績效獎金。
2.基層作業與縫製相關人員占比四成以上，且外勞占比超過5%以上，因基層直接作業人員占比高致平均薪資較低"
紡織纖維,1474,弘裕,266114,445,598,572,520,505,0.6,730,1.47,N,N,N,
紡織纖維,1475,業旺,4356,8,545,529,545,495,11.82,730,1.47,N,Y,N,"主要係(1)111年新生代年輕人,工作年資2-3年為主,平均薪資約在35000~38000間,(2)公司111年帳上累積虧損係透過資本公積進行彌補,雖員工平均薪資較同業低,但較去年員工平均薪資及員工薪資中位數均有微幅上升"
紡織纖維,1476,儒鴻,1697667,1697,1000,879,880,760,24.75,730,1.47,N,N,N,
紡織纖維,1477,聚陽,1134124,784,1447,1348,1321,1226,14.53,730,1.47,N,N,N,
電機機械,1503,士電,2065673,1969,1049,1016,854,841,3.86,815,3.25,N,N,N,
電機機械,1504,東元,1983051,2221,893,877,715,717,1.64,815,3.25,N,N,N,
電機機械,1506,正道,118775,216,550,521,518,466,0.43,815,3.25,N,N,N,
汽車工業,1512,瑞利,70725,129,548,537,500,492,-1.98,815,-2.37,N,Y,N,本公司基層人力占比高，占比為公司總人數65%且超過半數為外籍移工，因人力結構占比致影響公司整體薪資平均水準。
電機機械,1513,中興電,1401237,1611,870,809,769,702,5.21,815,3.25,N,N,N,
電機機械,1514,亞力,557795,621,898,825,775,725,2.15,815,3.25,N,N,N,
電機機械,1515,力山,457804,796,575,563,481,486,-1.65,815,3.25,N,N,N,
其他,1516,川飛,1944,3,648,521,666,694,1.36,893,2.87,N,N,N,
電機機械,1517,利奇,361469,735,492,534,444,502,2.55,815,3.25,Y,N,Y,本公司配合111年前3季營運成長需求，外籍員工人數增加；111第4季因應產業調整消化庫存，第4季產能需求降低，減少加班費用，致影響111年度員工薪資平均數及中位數較前一年度降低。
電機機械,1519,華城,708171,697,1016,826,816,708,3.21,815,3.25,N,N,N,
汽車工業,1521,大億,489933,774,633,613,577,565,1.17,815,-2.37,N,Y,N,本公司111年非擔任主管職務之全時員工「薪資平均數」與「薪資中位數」較110年度增加分別為3.26%與2.12%，薪資調整係參考整體就業市場、通膨率與公司成長性預估，本公司未來亦將注意同業狀況並依獲利情形調整。
汽車工業,1522,堤維西,904324,1472,614,575,568,525,2.91,815,-2.37,N,Y,N,因所聘用的外勞較多以基本工資起薪，因此對於整體員工平均薪資有降低的效果。
汽車工業,1524,耿鼎,234967,382,615,521,528,458,2.04,815,-2.37,N,Y,N,公司基層人力占比高，人力結構中直接員工數佔總人數之67.6%，其中外籍及建教生員工數約佔四成，影響整體薪資平均水準。111年持續調薪較110年平均薪資達4.3%，後續仍將依營運狀況及參考同業水平，合理提升薪資報酬。
汽車工業,1525,江申,187208,294,637,580,559,519,3.68,815,-2.37,N,Y,N,"(1)111年度多家汽車主機廠受到轉投資產險公司支出高額防疫險理賠金，造成嚴重虧損，致本公司獲利表現較同業佳。
(2)非擔任主管職之全職員工人數計294人，其中移工人數71人，占24%，人員結構影響平均薪資水準。"
電機機械,1526,日馳,112115,174,644,598,500,415,6.44,815,3.25,N,Y,N,外籍員工人數佔比高。
電機機械,1527,鑽全,414498,715,580,607,494,540,5.36,815,3.25,N,Y,Y,員工薪酬是依照本公司訂定薪資管理辦法發放，並於公司章程內訂有員工酬勞提撥方式；且其配發金額均需經過本公司薪資委員會審議才得發放。
電機機械,1528,恩德,123362,183,674,657,602,572,0.81,815,3.25,N,N,N,
電機機械,1529,樂事綠能,22406,41,546,525,505,480,0.31,815,3.25,N,N,N,
電機機械,1530,亞崴,268011,423,634,664,575,539,3.67,815,3.25,N,Y,Y,"1.亞崴EPS大部分屬業外收入，若以業內獲利相比未必較高，且員工酬勞分配方式不同、結果亦會不同。
2.111年度受疫情衝擊，業內獲利不盡理想，致員工加班、獎金減少及資深高薪員工離職，拉&#24607;平均薪資。"
電機機械,1531,高林股,127273,164,776,661,697,630,1.02,815,3.25,N,N,N,
電機機械,1532,勤美,210720,303,695,769,563,615,2.14,815,3.25,N,N,N,
汽車工業,1533,車王電,271563,478,568,596,462,510,0.4,815,-2.37,N,Y,N,"(1).EPS較同業高，主要是因為業外收益。
(2).外籍移工直接人力佔比18%，員工薪資平均數相對不高。
(3).景氣持續衰退，延長工時加班費及獎金提撥減少。"
電機機械,1535,中宇,1289348,1159,1112,1025,1010,935,4.21,815,3.25,N,N,N,
汽車工業,1536,和大,650794,1031,631,636,603,607,2.23,815,-2.37,N,Y,Y,新增較多基層員工(約占11%)，致平均年薪較前一年略低。
電機機械,1537,廣隆,90432,108,837,791,670,644,10.77,815,3.25,N,N,N,
電機機械,1538,正峰,27316,60,455,475,450,444,-0.88,815,3.25,Y,N,Y,111年相較110年，大於110年平均薪資1人低於有61人，故造成111年平均薪資未達50萬元，111年EPS增加主要人資成本降低、營業毛利提高、沒有資產減損以及有出售資產利益所致&#65377;
電機機械,1539,巨庭,77730,152,511,476,475,417,6,815,3.25,N,Y,N,主要係因外勞及馬達課現場員工佔本公司員工人數達三分之一其薪資較低且EPS6元有一半是外幣兌換利益及認列子公司投資利益所得，本業是傳統產業木工機製造EPS只有3元，無法與高利潤同業相比。
電機機械,1540,喬福,42261,73,579,542,555,512,1.27,815,3.25,N,N,N,
電機機械,1541,錩泰,190136,420,453,587,395,537,3.45,815,3.25,Y,Y,N,因111年持續受肺炎影響，客戶錯估需求及塞港的大量存貨釋出，客戶去化庫存減少下單、受停滯性通膨影響，降低消費者購買力，致銷售額下降35%，減少或停止生產激勵獎金的發放及年終獎金、員工酬勞的發放。
電機機械,1558,伸興,233788,279,838,886,784,831,8.08,815,3.25,N,N,N,
電機機械,1560,中砂,1386401,1657,837,762,768,699,8.71,815,3.25,N,N,N,
汽車工業,1568,倉佑,231649,386,600,570,547,526,1.62,815,-2.37,N,Y,N,本公司111年度因獲利與調升經常性薪資因素，故相關的變動薪資(如:加班費和獎金等)、員工酬勞增加，本公司無薪資費用與經營績效不相當的情況發生。
電子零組件業,1582,信錦,213823,212,1009,940,869,803,3,1000,8.28,N,N,N,
電機機械,1583,程泰,281358,369,762,651,707,587,6.42,815,3.25,N,Y,N,"1.外籍勞工人數約佔公司人力百分之十，其薪資水準低於本國勞工。
2.此薪酬調查僅針對台灣員工，但公司轉投資及海外子公司之獲利等因素皆會影響EPS高低，亦即並非所有獲利皆由台灣總公司所創造。"
汽車工業,1587,吉茂,102380,199,514,564,498,541,2.01,815,-2.37,N,Y,Y,"1.本公司工廠位於彰化地區地處偏鄉，人才要求不易致外籍員工人數較高拉低平均薪資，造成薪資平均數表現較低。
2.本公司依公司營運及獲利情況調薪幅度，111年調薪幅度約0%~4.5%。"
電機機械,1597,直得,293706,446,659,740,628,665,3.91,815,3.25,N,Y,Y,同業與本公司之產品和專業技能不同，同業產品多以現行技術之設備製造加工為主。本公司秉持高品質產品，持續精進技術及製程先進精簡化，以降低人工依賴度。薪資報酬是依公司章程與綜合考量績效與貢獻度等因素執行。
運動休閒,1598,岱宇,290598,514,565,598,492,508,-0.61,920,7.61,N,N,N,本公司從事健身器材之研發、生產與銷售，工廠位於彰化縣，受市場需求衰退影響，111年度營運績效下滑，致非經理人之員工平均薪資減少至565仟元。
電器電纜,1603,華電,328044,582,564,538,479,472,2.07,881,3.42,N,N,N,
電器電纜,1604,聲寶,551719,669,825,798,737,715,1.82,881,3.42,N,N,N,
電器電纜,1605,華新,3333757,2755,1210,1190,991,967,5.45,881,3.42,N,N,N,
電器電纜,1608,華榮,287138,408,704,790,685,769,-0.09,881,3.42,N,N,N,
電器電纜,1609,大亞,459534,565,813,927,772,860,1.24,881,3.42,N,N,N,員工酬金組合主要包含基本固定薪資、獎金及福利，其中獎金連結績效考核，依個人績效表現、目標達成率、貢獻之價值與營運績效給予合理報酬。
電器電纜,1611,中電,464,1,464,1635,464,1100,0.24,881,3.42,Y,N,N,本公司為持續優化人力於110年進行組織重整及資遣，使得111年薪資平均數低於50萬。110年薪資平均數高於111年之主要差異係結清年資之資遣費所致。
電器電纜,1612,宏泰,294124,351,838,1188,706,991,1.12,881,3.42,N,N,N,
電器電纜,1614,三洋電,524511,895,586,567,562,549,1.13,881,3.42,N,N,N,
電器電纜,1615,大山,149467,223,670,616,600,558,2.9,881,3.42,N,N,N,
電器電纜,1616,億泰,115804,182,636,601,589,539,0.1,881,3.42,N,N,N,
電器電纜,1617,榮星,172188,241,714,698,658,640,0.33,881,3.42,N,N,N,
電器電纜,1618,合機,140889,196,719,676,673,640,1.29,881,3.42,N,N,N,
生技醫療業,1701,中化,559859,720,778,696,661,577,1.61,781,3.03,N,N,N,
食品工業,1702,南僑,38247,38,1007,1009,734,729,2.26,837,2.86,N,N,N,
生技醫療業,1707,葡萄王,375039,434,864,827,782,796,9.84,781,3.03,N,N,N,
化學工業,1708,東鹼,204937,158,1297,955,1052,886,4.84,908,2.06,N,N,N,
化學工業,1709,和益,365859,220,1663,1706,1495,1527,2.27,908,2.06,N,N,Y,"1.係因提撥年終獎金較少，而計算年終獎金時，係以本業營業淨利及績效評估考量。
2.因和益111年度個體營業利益1,083,986仟元較110年度1,158,537仟元減少，故計算年終獎金時較少。"
化學工業,1710,東聯,326890,324,1009,1061,928,981,0.04,908,2.06,N,N,N,
化學工業,1711,永光,922616,1174,786,741,743,707,0.68,908,2.06,N,N,N,
化學工業,1712,興農,1040897,1343,775,732,679,654,3.92,908,2.06,N,Y,N,"1.本公司屬勞力密集之門市服務及生產製造業，與同業型態不同，銷售人員約佔50%、外籍移工5%，影響薪酬水準。不含銷售服務及移工之薪資應符合市場行情。
2.本公司每年均辦理全員調薪，並著重提高基層員工薪酬。"
化學工業,1713,國化,60318,76,794,743,753,706,1.89,908,2.06,N,N,N,
化學工業,1714,和桐,70032,97,722,751,601,629,0.37,908,2.06,N,N,N,
化學工業,1717,長興,1880521,1970,955,979,816,824,2.15,908,2.06,N,N,N,
化學工業,1718,中纖,409533,617,664,674,597,614,-1.01,908,2.06,N,N,N,
生技醫療業,1720,生達,618330,757,817,796,703,699,4.56,781,3.03,N,N,N,
化學工業,1721,三晃,358588,476,753,716,733,685,0.33,908,2.06,N,N,N,
化學工業,1722,台肥,862999,622,1387,1359,1232,1186,2.72,908,2.06,N,N,N,
化學工業,1723,中碳,422722,291,1453,1311,1372,1234,7.33,908,2.06,N,N,N,
化學工業,1725,元禎,63214,90,702,738,609,626,1.4,908,2.06,N,N,N,
化學工業,1726,永記,517982,668,775,736,704,670,5.03,908,2.06,N,Y,N,"1.本公司股本較小，且營運多為勞力密集的生產型態而雇有外籍勞工，是以影響每股盈餘及平均薪資的計算。
2.未來依公司政策及營運狀況調整薪資並透過多項員工福利措施回饋予員工，期許員工薪酬與經營績效相對應。"
化學工業,1727,中華化,140159,224,626,638,598,585,1.11,908,2.06,N,N,N,
化學工業,1730,花仙子,129929,146,890,822,708,700,4.01,908,2.06,N,Y,N,員工酬勞按公司章程規定提列，依績效評量管理程序書設定目標達成率，並考量對公司營運貢獻度作為發放標準。薪酬福利參考公司營運績效、經營風險、考量其對公司績效貢獻度，給予合理報酬，與經營績效有正面關聯性。
生技醫療業,1731,美吾華,115591,174,664,647,585,548,1.22,781,3.03,N,N,N,
化學工業,1732,毛寶,78480,146,538,530,456,462,0.12,908,2.06,N,N,N,
生技醫療業,1733,五鼎,432558,664,651,608,566,533,1.82,781,3.03,N,N,N,
生技醫療業,1734,杏輝,438393,711,617,538,533,491,1.34,781,3.03,N,N,N,
化學工業,1735,日勝化,140858,187,753,685,661,610,0.35,908,2.06,N,N,N,
運動休閒,1736,喬山,807209,1142,707,692,592,589,1.42,920,7.61,N,N,N,
食品工業,1737,臺鹽,449995,457,985,950,895,872,2.13,837,2.86,N,N,N,
生技醫療業,1752,南光,310317,549,565,530,494,470,3.49,781,3.03,N,Y,N,"(1)111年年終獎金較前一年增加9%。
(2)111年調薪平均調薪幅度約4.7%。
(3)製造單位因聘用外籍人力佔製造處36%，故造成平均薪資較低。"
生技醫療業,1760,寶齡富錦,289218,345,838,773,624,598,2.13,781,3.03,N,N,N,
生技醫療業,1762,中化生,330620,342,967,962,885,848,6.01,781,3.03,N,N,N,
化學工業,1773,勝一,446728,417,1071,1086,924,932,7.3,908,2.06,N,N,N,
化學工業,1776,展宇,63002,99,636,667,493,622,0.27,908,2.06,N,N,N,
生技醫療業,1783,和康生,85348,126,677,609,538,520,1.65,781,3.03,N,N,N,
生技醫療業,1786,科妍,56635,86,659,656,594,558,2.14,781,3.03,N,N,N,
生技醫療業,1789,神隆,516794,636,813,802,744,721,0.45,781,3.03,N,N,N,
生技醫療業,1795,美時,598404,546,1096,1030,774,754,11.59,781,3.03,N,N,N,
玻璃陶瓷,1802,台玻,2667724,3939,677,717,631,680,-0.25,671,-0.1,N,N,N,
建材營造,1805,寶徠,8582,12,715,727,659,654,-0.94,908,2.07,N,N,N,
玻璃陶瓷,1806,冠軍,430212,640,672,623,595,563,-0.45,671,-0.1,N,N,N,
建材營造,1808,潤隆,55125,83,664,991,595,850,0.35,908,2.07,N,N,N,
玻璃陶瓷,1809,中釉,165493,221,749,679,392,406,0.38,671,-0.1,N,N,N,
玻璃陶瓷,1810,和成,619013,1001,618,671,535,590,0.46,671,-0.1,N,Y,N,公司堅持在台生產，生產主力仍在台灣，故基層人員及外籍移工人員約占55%，相對於其他不在台生產廠商或磁磚業少用人力，公司相對有較高比例基層作業員及移工，故平均薪資跟著被拉低。
玻璃陶瓷,1817,凱撒衛,105529,138,765,744,621,623,4.04,671,-0.1,N,N,N,
造紙工業,1903,士紙,36009,64,563,579,529,526,0.81,817,0.95,N,N,Y,係111年一位非擔任主管職務之全時員工調任為主管職務所致。
造紙工業,1904,正隆,3263125,3554,918,1003,850,941,2.27,817,0.95,N,N,N,
造紙工業,1905,華紙,1469958,2001,735,769,678,708,0.41,817,0.95,N,N,N,
造紙工業,1906,寶隆,5655,7,808,714,875,787,2.83,817,0.95,N,Y,N,本公司EPS 2.83元，主要係股利收入，佔稅後淨利69%。若不計股利EPS為0.87元，則低於同業平均EPS。另因非擔任主管職之員工屬後勤單位，故薪酬架構不與業外股利連結，應屬合理。
造紙工業,1907,永豐餘,3254530,4157,783,821,691,726,1.31,817,0.95,N,Y,N,本公司改制投控多年，獲利來自投資收益；111年統計資料顯示，造紙相關之重要子公司獲利貢獻低，主要獲利來自其他投資事業。公司雖連年辦理調薪，仍受年終獎金(連結各家公司之損益)較前一年度減少而影響年薪平均數。
造紙工業,1909,榮成,832228,1086,766,733,731,697,-0.71,817,0.95,N,N,N,
鋼鐵工業,2002,中鋼,15437602,9681,1595,2360,1495,2226,1.15,1153,1.61,N,N,N,
鋼鐵工業,2006,東和鋼鐵,1910390,1756,1088,1180,1031,1139,5.47,1153,1.61,N,Y,N,本公司每年依營運獲利情形及個人績效，發放盈餘獎金、年終獎金及員工酬勞，由於111年度營運獲利減少，因此年終獎金及員工酬勞金額較110年度減少，故111年非擔任主管職務之全時員工薪資平均數也相對於110年有所下降。
鋼鐵工業,2007,燁興,273228,419,652,662,615,627,-1.31,1153,1.61,N,N,N,
鋼鐵工業,2008,高興昌,111367,203,549,508,510,477,0.56,1153,1.61,N,N,N,
鋼鐵工業,2009,第一銅,130814,238,550,695,531,682,0.55,1153,1.61,N,N,N,
鋼鐵工業,2010,春源,970216,1382,702,710,612,639,0.95,1153,1.61,N,N,N,
鋼鐵工業,2012,春雨,412960,538,768,626,613,571,1.93,1153,1.61,N,Y,N,春雨公司本年度獲利主係來自採用權益法認列之投資利益，若以排除前述投資利益後之獲利比較，並無獲利表現優於同業公司之情事。
鋼鐵工業,2013,中鋼構,714724,447,1599,1522,1410,1352,2.39,1153,1.61,N,N,N,
鋼鐵工業,2014,中鴻,939553,1142,823,1475,795,1412,-0.69,1153,1.61,N,N,N,
鋼鐵工業,2015,豐興,954806,898,1063,1108,965,989,5.28,1153,1.61,N,Y,N,本公司獲利表現(EPS)較前一年度減少約24%，依公司薪資獎酬辦法發放薪資，非擔任主管職務之員工薪資之平均數較前一年度減少45仟元，減幅僅約4%。
鋼鐵工業,2017,官田鋼,135140,253,534,602,469,485,0.69,1153,1.61,N,N,N,
鋼鐵工業,2020,美亞,221539,314,706,812,638,795,1.2,1153,1.61,N,N,N,
鋼鐵工業,2022,聚亨,62929,106,594,577,536,517,-0.25,1153,1.61,N,N,N,
鋼鐵工業,2023,燁輝,1219509,1295,942,797,920,777,0.41,1153,1.61,N,N,N,
鋼鐵工業,2024,志聯,91007,160,569,617,518,577,0.48,1153,1.61,N,N,N,
鋼鐵工業,2025,千興,24886,48,518,580,509,580,2.78,1153,1.61,N,Y,Y,"1.111年度公司處分土地獲利
2.公司尚有累積虧損，無調薪
3.公司機器設備保養及歲修，平均薪資下降
4.公司訂單萎縮，獎勵性質薪資減少，導致平均薪資下降"
鋼鐵工業,2027,大成鋼,1699240,1001,1698,1735,1458,1400,6.23,1153,1.61,N,N,Y,110年度平均薪資較高係當年度有現金增資員工酬勞成本及子公司庫藏股轉讓員工認股價差所得等非常態性薪資所致
鋼鐵工業,2028,威致,275854,357,773,895,700,851,2.3,1153,1.61,N,Y,N,因公司設備老舊須靠獲利做改善，故員工薪資未與營業績效做連結。
鋼鐵工業,2029,盛餘,508667,486,1047,1212,975,1149,1.57,1153,1.61,N,N,N,
鋼鐵工業,2030,彰源,398127,608,655,704,569,568,2.64,1153,1.61,N,Y,N,本公司111年EPS2.64元較110年4.29元減少1.65元，非擔任主管職務之全時員工薪資平均數655(仟元/人)較110年704(仟元/人) 減少49(仟元/人)，薪酬與公司績效成同向變動。
鋼鐵工業,2031,新光鋼,193121,246,785,988,711,813,1.23,1153,1.61,N,N,N,
鋼鐵工業,2032,新鋼,88383,172,514,583,497,554,0.29,1153,1.61,N,N,N,
鋼鐵工業,2033,佳大,55294,107,517,508,505,493,-0.16,1153,1.61,N,N,N,本公司薪資一向優於政府法規，但礙於獲利(產品別與同業不盡相同)，致薪酬水平無法與一般同業一樣，但公司仍將秉持照顧員工初衷，持續加強公司競爭力，增進公司獲利率，將利潤分享員工，給員工更好薪資及福利。
鋼鐵工業,2034,允強,541854,791,685,822,591,725,1.16,1153,1.61,N,N,N,
鋼鐵工業,2038,海光,226191,343,659,680,593,616,1.16,1153,1.61,N,N,N,
電機機械,2049,上銀,4260598,4534,940,917,903,839,12.98,815,3.25,N,N,N,
電子零組件業,2059,川湖,452894,521,869,766,703,678,42.56,1000,8.28,N,Y,N,"本公司生產製造皆在台灣，員工佔多數為產線基本作業人力。
然而本公司於年度終了依照經營績效與獲利狀況扣除應有稅捐及法定提撥後倘有盈餘，即秉持著與全體員工共享之理念與全員共享。"
居家生活,2062,橋椿,474645,884,537,549,465,486,3.68,693,5.77,N,N,Y,"1.自動化製程導入，致勞力性工作需求降低，薪酬結構改變。
2.本公司111年EPS較去年增加，尚有來自業外投資收益及處份固定資產獲利增加之挹注。"
鋼鐵工業,2069,運錩,87402,150,583,832,512,736,1.16,1153,1.61,N,N,N,
橡膠工業,2101,南港,680847,966,705,683,614,592,-1.23,745,0.95,N,N,N,
橡膠工業,2102,泰豐,274307,443,619,545,599,515,-2.95,745,0.95,N,N,N,
橡膠工業,2103,台橡,775211,644,1204,1196,1091,1078,2.16,745,0.95,N,N,N,
橡膠工業,2104,國際中橡,28407,20,1420,729,1268,554,0.7,745,0.95,N,N,N,
橡膠工業,2105,正新,3268335,4699,696,718,658,650,1.53,745,0.95,N,Y,N,受到疫情影響，導致訂單量及產出減少，而影響基層工職員工之薪資(該部分員工約占69%)所致。
橡膠工業,2106,建大,1147894,1800,638,650,589,598,0.37,745,0.95,N,N,N,
橡膠工業,2107,厚生,115921,175,662,628,612,572,2.09,745,0.95,N,Y,N,"本公司111年度實施調薪,較前一年度均薪成長5%"
橡膠工業,2108,南帝,554991,303,1832,1998,1746,1806,2.42,745,0.95,N,N,N,
橡膠工業,2109,華豐,357314,615,581,570,527,511,1.05,745,0.95,N,Y,N,"1.因本公司屬勞力密集產業，截至111年止員工人數共有621人。且我司產業屬性需要大量人工，故非主管級職務人員相對比例較少。
2.另南北部薪資水平本有落差，且我司亦非所處中南部主要發展城市，故薪資亦有所差異。"
橡膠工業,2114,鑫永銓,51820,97,534,544,525,521,5.03,745,0.95,N,Y,N,"主要係受市場需求下滑訂單減少影響,致生產單位工
作量減少使薪資及加班費相對減少,薪資水準與去年
持平。"
汽車工業,2201,裕隆,966544,1120,863,862,812,804,-4.8,815,-2.37,N,N,N,
汽車工業,2204,中華,2061628,1856,1111,1110,994,1007,-14.22,815,-2.37,N,N,N,
汽車工業,2206,三陽工業,2226695,2196,1014,912,998,898,3.93,815,-2.37,N,N,N,
汽車工業,2207,和泰車,1098460,528,2080,2425,1737,1936,-35.39,815,-2.37,N,N,N,
航運業,2208,台船,2731138,2910,939,956,897,970,-3.78,1422,18.61,N,N,N,
鋼鐵工業,2211,長榮鋼,536134,540,993,922,951,892,6.22,1153,1.61,N,Y,N,配合公司業務型態人力需求，聘僱外籍人士比例較高，致影響員工平均薪資。
汽車工業,2227,裕日車,399636,338,1182,1183,1117,1126,8.04,815,-2.37,N,N,N,
汽車工業,2228,劍麟,242560,385,630,605,534,518,5.97,815,-2.37,N,Y,N,"1.EPS主要歸功於海外子公司
2.合理性：每年參考CPI、外部薪資調查，檢視薪等表市場定位；近10年平均調薪幅度>3%
3.關聯性：自105年度起，依據年度獲利狀況發放員工酬勞；每年視經營績效決議調薪幅度與年獎發放額"
汽車工業,2231,為升,234275,367,638,642,549,574,4.7,815,-2.37,N,Y,Y,係主要本年度人員流動率高，111年新進同仁較110年多，獎金分配規則皆依入職比例發放，且加班時數明顯下降，故薪資平均數較前一年度減少。
汽車工業,2233,宇隆,272457,327,833,680,711,601,10.32,815,-2.37,N,N,N,
汽車工業,2241,艾姆勒,227870,351,649,650,577,592,-2.46,815,-2.37,N,N,N,
汽車工業,2247,汎德永業,1475458,1426,1035,953,815,749,18.28,815,-2.37,N,N,N,
電腦及週邊設備業,2301,光寶科,6469346,4395,1472,1434,1129,1154,6.19,1335,5.19,N,N,N,
半導體業,2302,麗正,30020,49,613,616,497,464,1.06,1965,20,N,N,Y,本公司111年度EPS較110年度增加，而非擔任主管職務之全時員工（年度）薪資平均數較前一年度減少，係因全時員工人數較去年度減少及資深員工離職所致，其變動尚屬合理。
半導體業,2303,聯電,25460200,12238,2080,1447,1656,1150,7.09,1965,20,N,N,N,
電腦及週邊設備業,2305,全友,60259,84,717,706,710,663,0.06,1335,5.19,N,N,N,
電子零組件業,2308,台達電,17632984,10364,1701,1525,1422,1293,12.58,1000,8.28,N,N,N,
其他電子業,2312,金寶,667532,473,1411,1072,1219,926,0.69,1307,8.45,N,N,N,
電子零組件業,2313,華通,4396463,4379,1004,889,894,793,6.71,1000,8.28,N,N,N,
通信網路業,2314,台揚,457215,548,834,797,656,634,-2.06,1216,2.72,N,N,N,
電子零組件業,2316,楠梓電,675590,1264,534,552,491,527,2.81,1000,8.28,N,N,N,
其他電子業,2317,鴻海,8939954,3522,2538,2558,1768,1829,10.21,1307,8.45,N,N,Y,110年因疫情影響，原規劃之員工福利活動無法辦理，故將原預算另行規劃「福利專案」轉為點數(如電商平台點數等)發放並列計員工「福利所得」，若110年扣除此福利專案點數，111年員工薪資平均數未有較110年減少之情形。
通信網路業,2321,東訊,127574,162,787,794,663,661,0.66,1216,2.72,N,N,Y,"1.2022(111年)獲利主要是業外–匯兌利益大幅增加；業內(營業損益僅些微改善)。
2.2022資深員工離職後，替補的新進員工較為資遣， 拉低平均薪資。
3.2022EPS為0.66，比較同業仍是偏低，薪資並無大幅調升。"
光電業,2323,中環,399326,669,597,600,576,562,-0.95,919,-0.2,N,N,N,
電腦及週邊設備業,2324,仁寶,11016077,8145,1352,1250,1180,1059,1.67,1335,5.19,N,N,N,
電子零組件業,2327,國巨,2913148,3937,740,747,642,637,44.22,1000,8.28,N,Y,N,"因台灣區基層員工人數比重較高(超過50%),人力結構與其他公司不同。公司依員工職責考核績效表現及貢獻度給予相對應的薪酬,每年度都有因應市場情況給予例行性調薪並反應在薪資上,公司會持續參考同業薪資水平做合理調整"
電子零組件業,2328,廣宇,54811,40,1370,1244,1264,1185,2.55,1000,8.28,N,N,N,
半導體業,2329,華泰,3287691,4680,702,666,620,573,2.02,1965,20,N,N,N,
半導體業,2330,台積電,190190418,60049,3167,2425,2435,1851,39.2,1965,20,N,N,N,
電腦及週邊設備業,2331,精英,868179,683,1271,967,1044,788,1.57,1335,5.19,N,N,N,
通信網路業,2332,友訊,490706,455,1078,1122,974,928,0.18,1216,2.72,N,N,N,
半導體業,2337,旺宏,6237248,3608,1729,1834,1281,1388,4.85,1965,20,N,N,N,
半導體業,2338,光罩,338810,305,1111,1282,936,1076,3.37,1965,20,N,N,N,
半導體業,2340,台亞,596735,740,806,1014,693,839,0.82,1965,20,N,N,N,
半導體業,2342,茂矽,533699,554,963,823,858,707,3.53,1965,20,N,N,N,
半導體業,2344,華邦電,6377932,3312,1926,2332,1580,1858,3.25,1965,20,N,N,N,
通信網路業,2345,智邦,3737955,2824,1324,1052,934,732,14.64,1216,2.72,N,N,N,
電子通路業,2347,聯強,823729,671,1228,1179,1049,1006,9.44,1120,6.49,N,N,N,
其他,2348,海悅,201857,182,1109,1372,955,1136,7.88,893,2.87,N,N,N,
光電業,2349,錸德,357844,534,670,651,578,566,-0.22,919,-0.2,N,N,N,
半導體業,2351,順德,1053836,1452,726,717,601,608,5.16,1965,20,N,N,N,
電腦及週邊設備業,2352,佳世達,2804654,1654,1696,1592,1290,1258,4.2,1335,5.19,N,N,N,
電腦及週邊設備業,2353,宏碁,2660128,1501,1772,2190,1442,1651,1.67,1335,5.19,N,N,N,
其他電子業,2354,鴻準,1076672,431,2498,4103,1634,3390,3.02,1307,8.45,N,N,N,
電子零組件業,2355,敬鵬,1863428,2625,710,672,640,601,1.25,1000,8.28,N,N,N,
電腦及週邊設備業,2356,英業達,5798789,5174,1121,1024,939,838,1.71,1335,5.19,N,N,N,
電腦及週邊設備業,2357,華碩,11102260,6868,1617,2002,1310,1504,19.78,1335,5.19,N,N,N,
其他,2358,廷鑫,68911,129,534,514,464,452,0.01,893,2.87,N,N,N,
其他電子業,2359,所羅門,230748,251,919,870,779,787,2.67,1307,8.45,N,N,N,
其他電子業,2360,致茂,2511797,1793,1401,1117,1144,952,12.14,1307,8.45,N,N,N,
電腦及週邊設備業,2362,藍天,574356,477,1204,1192,1078,1073,1.41,1335,5.19,N,N,N,
半導體業,2363,矽統,188361,144,1308,1253,1210,1097,0.65,1965,20,N,N,N,
電腦及週邊設備業,2364,倫飛,111340,151,737,692,643,589,3.21,1335,5.19,N,N,N,
電腦及週邊設備業,2365,昆盈,38125,45,847,829,719,718,0.25,1335,5.19,N,N,N,
電子零組件業,2367,燿華,3017768,4482,673,559,605,503,0.65,1000,8.28,N,N,N,
電子零組件業,2368,金像電,2002085,2256,887,765,721,623,8.86,1000,8.28,N,Y,N,本公司111年度集團合併營收創歷史新高，獲利成長主係大陸廠營運創下佳績所致，對於非經理人之全時員工薪資平均數，本公司採利潤中心制並合理分配員工績效獎金，且本公司在111年度整體調薪達5.2%，並無低於業界水準。
半導體業,2369,菱生,1298452,2197,591,607,507,511,0.56,1965,20,N,N,N,
電機機械,2371,大同,1825137,2393,763,730,680,645,4.02,815,3.25,N,Y,N,"1、本公司111年度EPS大幅成長，係因投資公司華映破產除列。員工酬勞已由110年之37,561千元，提升至111年度之95,246千元。
2、薪資平均數亦由730千元提升至763千元；中位數由645千元提升至680千元，應尚屬合理。"
其他電子業,2373,震旦行,667846,908,736,723,640,636,5.82,1307,8.45,N,N,N,
光電業,2374,佳能,566897,453,1251,1110,1080,995,0.48,919,-0.2,N,N,N,
電子零組件業,2375,凱美,25551,33,774,731,800,759,4.97,1000,8.28,N,N,N,
電腦及週邊設備業,2376,技嘉,3677615,2611,1409,1474,953,1002,10.29,1335,5.19,N,N,N,
電腦及週邊設備業,2377,微星,5071359,2962,1712,1935,1478,1606,11.79,1335,5.19,N,N,N,
半導體業,2379,瑞昱,18349602,4780,3839,4083,3069,3270,31.62,1965,20,N,N,N,
電腦及週邊設備業,2380,虹光,318666,365,873,863,771,765,-0.17,1335,5.19,N,N,N,
電腦及週邊設備業,2382,廣達,15487411,10317,1501,1420,1217,1174,7.51,1335,5.19,N,N,N,
電子零組件業,2383,台光電,986746,936,1054,935,786,767,15.24,1000,8.28,N,N,N,
電子零組件業,2385,群光,1513687,773,1958,1764,1676,1482,10.26,1000,8.28,N,N,N,
電腦及週邊設備業,2387,精元,193912,262,740,740,655,670,7.48,1335,5.19,N,Y,N,薪酬除衡量員工職能與績效達成，並衡量產業前景，視營運狀況及當地就業市場綜合檢討調整。
半導體業,2388,威盛,571303,350,1632,1556,1443,1424,-0.17,1965,20,N,N,N,
其他電子業,2390,云辰,46422,64,725,1042,697,1012,-4.11,1307,8.45,N,N,N,
電子零組件業,2392,正崴,884201,817,1082,1181,956,1034,3.14,1000,8.28,N,N,Y,111年非主管全時員工人數雖較110年整體增加57人，但主要為作業員較110年增加75人(+54.35%)，間接人員較去年減少18人(-2.49%)，所以111年度作業員人數占比16%，較110年度7.8%增加，故非主管職平均薪資較110年度降低。
光電業,2393,億光,986368,1239,796,814,603,598,2.78,919,-0.2,N,Y,N,億光公司以產業特性兼顧外部競爭、內部公平為前提，提供多元並具競爭力的薪酬制度，秉持員工利潤共享的理念，留任、培育與激勵優秀人才。配合營運績效表現，億光公司整體薪酬在同產業以維持在一定的水準而努力。
電腦及週邊設備業,2395,研華,3745213,3142,1192,1151,1001,996,13.85,1335,5.19,N,Y,N,本公司46%員工服務於營運製造體系，與多數同業製造移往海外之員工組織結構不相同。在激勵上，與經營績效是緊密連結，本公司除發放績效獎金及員工分紅外，另發行員工認股權證，但其價值不被證交所列入平均薪資計算。
電腦及週邊設備業,2397,友通,522284,577,905,848,711,672,4.61,1335,5.19,N,N,N,
電腦及週邊設備業,2399,映泰,109607,133,824,1068,728,861,0.07,1335,5.19,N,N,N,
半導體業,2401,凌陽,520594,327,1592,1442,1358,1235,0.37,1965,20,N,N,N,
電子零組件業,2402,毅嘉,104317,194,538,509,439,455,1.2,1000,8.28,N,N,N,
其他電子業,2404,漢唐,1278774,849,1506,1364,1277,1190,21.25,1307,8.45,N,N,N,
電腦及週邊設備業,2405,輔信,188314,193,976,1042,828,903,0.16,1335,5.19,N,N,N,
光電業,2406,國碩,96287,135,713,655,650,601,-0.45,919,-0.2,N,N,N,
半導體業,2408,南亞科,5442330,3442,1581,1735,1350,1377,4.72,1965,20,N,N,N,
光電業,2409,友達,20614818,19746,1044,1475,791,972,-2.39,919,-0.2,N,N,N,
通信網路業,2412,中華電,30777342,19886,1548,1507,1510,1478,4.7,1216,2.72,N,N,N,
電子零組件業,2413,環科,352216,631,558,521,497,452,2.07,1000,8.28,N,N,N,
電子通路業,2414,精技,328061,366,896,907,809,815,3.08,1120,6.49,N,N,N,
電子零組件業,2415,錩新,25134,25,1005,981,904,852,0.01,1000,8.28,N,N,N,
電腦及週邊設備業,2417,圓剛,217414,195,1115,1034,1085,975,0.23,1335,5.19,N,N,N,
通信網路業,2419,仲琦,350325,223,1571,1012,1395,890,1.5,1216,2.72,N,N,N,
電子零組件業,2420,新巨,321533,542,593,575,476,498,4.43,1000,8.28,N,N,N,
電子零組件業,2421,建準,545819,532,1026,857,843,686,4.34,1000,8.28,N,N,N,
其他電子業,2423,固緯,354314,364,973,919,876,840,2.78,1307,8.45,N,N,N,
通信網路業,2424,隴華,11750,17,691,586,642,544,-4.6,1216,2.72,N,N,N,
電腦及週邊設備業,2425,承啟,10524,16,658,678,720,690,3.32,1335,5.19,N,N,Y,"本公司EPS較前一年度成長,非經理人之全時員工平均薪資較前一年度減少主係111年度人員增減變動之影響,及部分人員到職未達半年之影響所致."
光電業,2426,鼎元,390990,696,562,708,497,619,-0.6,919,-0.2,N,N,N,
資訊服務業,2427,三商電,528814,691,765,744,710,692,1.04,997,2.93,N,N,N,
電子零組件業,2428,興勤,369715,488,758,869,560,656,10.72,1000,8.28,N,Y,N,本公司員工薪酬依公司各項規章及營運狀況給予合理報酬；惟本公司直接人員佔全體員工比重達5成，致使平均薪資數較同業低。
光電業,2429,銘旺科,31623,69,458,466,321,359,-1.24,919,-0.2,Y,N,N,111年因公司營運部門組織調整，使新部門薪資相對較高之業務人員增加，及部份員工調薪，導致整體平均薪資，較110年略為上升。
電子通路業,2430,燦坤,1316291,1950,675,693,628,633,4.29,1120,6.49,N,N,Y,本公司111年度稅後淨利實較110年度減少，因辦理減資使111年度EPS反較110年度成長，若按減資前股本計算，每股盈餘為3.56元，較前一年度減少。
電子零組件業,2431,聯昌,38633,42,920,817,764,721,0.09,1000,8.28,N,N,N,
其他電子業,2433,互盛電,271552,374,726,700,649,637,3.88,1307,8.45,N,N,N,
半導體業,2434,統懋,12822,23,557,551,492,502,-0.94,1965,20,N,N,N,
半導體業,2436,偉詮電,333904,290,1151,1443,1071,1352,0.83,1965,20,N,N,N,
光電業,2438,翔耀,13041,25,522,508,461,463,-0.37,919,-0.2,N,N,N,
通信網路業,2439,美律,686650,697,985,894,765,718,6.81,1216,2.72,N,Y,N,產業型態不盡相同，客戶、產品、技術差異甚大，營運和品牌經營各異；111年EPS較前一年度略增，而員工薪酬為依據前一年度獲利而分配之變動獎金，整體言之，員工平均薪資仍較去年成長。
電子零組件業,2440,太空梭,12530,16,783,939,737,878,-0.17,1000,8.28,N,N,N,
半導體業,2441,超豐,3229796,4123,783,935,630,756,5.55,1965,20,N,N,N,
建材營造,2442,新美齊,63666,59,1079,1211,879,946,0.56,908,2.07,N,N,N,
其他,2443,昶虹,10547,14,753,947,648,754,0.48,893,2.87,N,N,Y,"111年EPS較前一年度增加,係因營業外收入增加,與員工薪資關聯性低.
另,111年員工人數較去年增加,惟多屬無經驗基層員工,致薪資平均數較前一年度減少"
通信網路業,2444,兆勁,219993,420,524,482,469,422,1.18,1216,2.72,N,N,N,
半導體業,2449,京元電子,5639667,6538,863,803,711,662,5.59,1965,20,N,N,N,
通信網路業,2450,神腦,1206090,1939,622,607,584,568,2.55,1216,2.72,N,N,N,
半導體業,2451,創見,723927,968,748,790,601,631,5.72,1965,20,N,N,N,
資訊服務業,2453,凌群,947670,1010,938,885,827,811,2.51,997,2.93,N,N,N,
半導體業,2454,聯發科,52347665,10756,4867,5150,3747,3992,74.59,1965,20,N,N,Y,"本公司整體獎酬機制配合公司整體營運目標，並依據同仁所擔任職務及個人績效表現訂定而成。
非擔任主管職務之全時員工薪資平均數較前一年度減少，惟公司投入於員工薪資費用仍是較前一年度有大幅增加。"
通信網路業,2455,全新,231539,258,897,1230,700,845,2.95,1216,2.72,N,Y,N,"同業中產業型態不盡相同，本公司係以生產為主之製造業，直接人力佔全公司57.89%且滿半年未滿一年佔比14.94%，
111年EPS較110年EPS衰退，故影響全時員工平均薪資。"
電子零組件業,2457,飛宏,339138,369,919,873,794,744,0.19,1000,8.28,N,N,N,
半導體業,2458,義隆,1741507,998,1745,1970,1572,1798,7.56,1965,20,N,N,N,
其他電子業,2459,敦吉,61936,60,1032,969,920,933,5.43,1307,8.45,N,N,N,
電子零組件業,2460,建通,69068,116,595,675,530,594,-0.62,1000,8.28,N,N,N,
其他電子業,2461,光群雷,102941,134,768,752,672,651,1.82,1307,8.45,N,N,N,
電子零組件業,2462,良得電,43573,44,990,993,876,883,1.48,1000,8.28,N,N,Y,111年度平均薪資較110年度微幅減少0.3%為3000元，係因薪資高人員流動關係外，雖111年度獲利，但僅約一成左右來自於本業獲利，其餘近九成獲利來自業外利益，本公司將秉持留才激勵員工原則，適時給予福利。
其他電子業,2464,盟立,1272162,1175,1083,1122,893,927,2.63,1307,8.45,N,N,N,
電腦及週邊設備業,2465,麗臺,265561,310,857,848,718,710,-3.32,1335,5.19,N,N,N,
光電業,2466,冠西電,82079,135,608,539,446,404,0.66,919,-0.2,N,Y,N,"本公司111年度員工平均薪資較110年高出12.8%，
因公司用人結構的關係，目前外籍移工及生產線員工占非部門主管人數約30%~40%，致公司整體平均薪資較低。"
電子零組件業,2467,志聖,422192,355,1189,1097,993,921,4.59,1000,8.28,N,N,N,
資訊服務業,2468,華經,163050,234,697,662,615,595,0.91,997,2.93,N,N,N,
資訊服務業,2471,資通,310413,258,1203,1172,1079,1078,3.04,997,2.93,N,N,N,
電子零組件業,2472,立隆電,140429,107,1312,1086,1278,1028,7.53,1000,8.28,N,N,N,
其他電子業,2474,可成,2562664,3731,687,643,579,540,15.14,1307,8.45,N,Y,N,電子業產品因生產週期及型態不同，人力結構組成就不相同，台灣可成直接人力佔全公司比重約70%，因此在年薪呈現上會較其他電子業在台灣是以研發為主的公司低。
電子零組件業,2476,鉅祥,492468,688,716,707,631,633,4.58,1000,8.28,N,N,N,
其他電子業,2477,美隆電,147675,225,656,760,528,641,0.5,1307,8.45,N,N,N,
電子零組件業,2478,大毅,571474,835,684,741,571,585,4.31,1000,8.28,N,N,N,
資訊服務業,2480,敦陽科,535619,510,1050,1004,962,932,6.91,997,2.93,N,N,N,
半導體業,2481,強茂,1147420,1490,770,770,555,619,4.6,1965,20,N,N,N,
其他電子業,2482,連宇,119390,157,760,723,620,576,2.98,1307,8.45,N,N,N,
電子零組件業,2483,百容,304926,570,535,530,469,471,1.54,1000,8.28,N,N,N,
電子零組件業,2484,希華,514636,733,702,655,604,582,4.82,1000,8.28,N,N,N,
通信網路業,2485,兆赫,560406,998,562,574,422,431,0,1216,2.72,N,N,Y,111年度新進人數177人，作業員就佔了135人(且其中36人為外勞)，故造成人數及薪資總額上升，但薪資平均數較前一年度減少。
光電業,2486,一詮,483307,802,603,739,546,629,0.47,919,-0.2,N,Y,N,本公司員工薪酬政策，依員工職責考核其個人績效表現及對公司之貢獻度，並考量公司營運狀況來給予相應之酬金。111年因烏俄戰爭、客戶訂單需求減少，員工工時減少；故非擔任主管職務的員工年平均數及中位數相對降低 。
其他電子業,2488,漢平,111092,140,794,735,662,637,3.86,1307,8.45,N,N,N,
光電業,2489,瑞軒,333373,322,1035,1683,927,1378,-3.45,919,-0.2,N,N,N,
光電業,2491,吉祥全,4979,9,553,544,505,522,-4.7,919,-0.2,N,N,N,
電子零組件業,2492,華新科,1436983,2479,580,802,486,595,3.4,1000,8.28,N,N,N,
電子零組件業,2493,揚博,271496,252,1077,1012,882,867,5.18,1000,8.28,N,N,N,
電腦及週邊設備業,2495,普安,349118,375,931,885,759,772,0.78,1335,5.19,N,N,N,
其他,2496,卓越,5930,9,659,599,682,586,4.16,893,2.87,N,Y,N,"集團主要EPS貢獻來源為其重要子公司，母公司非擔任主管職務之全時員工為一般行政後勤人員。
另111年度非擔任主管職務之全時員工薪資平均數較110年度增加60仟元。"
汽車工業,2497,怡利電,316203,493,641,613,575,572,2.88,815,-2.37,N,Y,N,"我公司位於中部的彰化，薪資水平較其他地區低。為提升員工福利，我司111年扣除經理人之平均調薪4.57%；
又年度盈餘彌補虧損後，111年度扣除經理人之員工酬勞6,621,595元，平均每人約14,553元，將於112年6月發放。"
通信網路業,2498,宏達電,1245171,1093,1139,1175,897,949,-4.13,1216,2.72,N,N,N,
建材營造,2501,國建,134254,136,987,1042,879,941,1.04,908,2.07,N,N,Y,"111年平均薪資較110年低，主因為：
1.年終獎金計算同步考量EPS及營業目標達成，111年雖EPS有增加，惟整體推案量減少，影響年終月數。
2. 111年非主管職中2年內新人約佔2成，敘薪及獎金較低，影響平均薪資。"
建材營造,2504,國產,597212,578,1033,924,1018,883,3.51,908,2.07,N,N,N,
建材營造,2505,國揚,77847,62,1256,1045,1170,926,1.28,908,2.07,N,N,N,
建材營造,2506,太設,69784,67,1042,805,836,740,1.59,908,2.07,N,N,N,
建材營造,2509,全坤建,40098,50,802,755,745,737,-0.67,908,2.07,N,N,N,
建材營造,2511,太子,194784,180,1082,869,1048,856,0.91,908,2.07,N,N,N,
其他,2514,龍邦,15558,20,778,770,698,703,0.91,893,2.87,N,N,N,
建材營造,2515,中工,813037,1087,748,759,670,705,0.54,908,2.07,N,N,N,
建材營造,2516,新建,477040,775,616,623,483,560,-3.42,908,2.07,N,N,N,
建材營造,2520,冠德,81460,64,1273,1312,1081,1105,4.31,908,2.07,N,N,N,
建材營造,2524,京城,28409,29,980,1106,937,996,2.73,908,2.07,N,N,N,
建材營造,2527,宏璟,19084,23,830,828,852,846,1.17,908,2.07,N,N,N,
建材營造,2528,皇普,30592,42,728,744,610,658,0.64,908,2.07,N,N,N,
建材營造,2530,華建,30914,28,1104,1059,896,989,0.56,908,2.07,N,N,N,
建材營造,2534,宏盛,63175,65,972,797,836,712,4.15,908,2.07,N,N,N,
建材營造,2535,達欣工,727187,650,1119,1123,1093,1073,3.66,908,2.07,N,N,N,
建材營造,2536,宏普,19345,23,841,1040,857,977,-0.16,908,2.07,N,N,N,
建材營造,2537,聯上發,22203,25,888,951,791,946,0.26,908,2.07,N,N,N,
建材營造,2538,基泰,5146,5,1029,1266,842,1283,0.44,908,2.07,N,N,Y,本公司本期EPS較前一年度成長，惟非經理人之全時員工薪資平均數較前一年度減少，係因本期有任職僅7個月之員工，造成非經理人之全時員工薪資平均數較前一年度減少所致
建材營造,2539,櫻花建,54340,61,891,862,756,719,2.05,908,2.07,N,N,N,
建材營造,2540,愛山林,177168,87,2036,2046,1357,1415,1.67,908,2.07,N,N,N,
建材營造,2542,興富發,213806,276,775,1062,624,770,2.29,908,2.07,N,Y,N,111年度起年終獎金調整至次年度第一季發放，故111年度非擔任主管職務之全時員工（年度）整體薪資平均數較前一年度下滑。部分全時員工離職變動與新進人員未達六個月得不列入全時員工之統計，影響部分平均薪資統計數。
建材營造,2543,皇昌,690831,959,720,613,564,472,1.02,908,2.07,N,N,N,
建材營造,2545,皇翔,58266,50,1165,1127,970,877,5.78,908,2.07,N,N,N,
建材營造,2546,根基,666667,682,978,929,916,865,8.98,908,2.07,N,N,N,
建材營造,2547,日勝生,85670,91,941,932,862,835,0.08,908,2.07,N,N,N,
建材營造,2548,華固,105422,64,1647,1657,1566,1507,10.69,908,2.07,N,N,Y,本公司之薪酬係綜合考量員工績效考核結果，再依年度任職期間比例發放。111年度因業務需求，增補數名新進人員，致整體平均年薪略為下降，但資深員工年度平均薪資並無減少之情形。
建材營造,2597,潤弘,1060131,914,1160,1140,959,942,11.14,908,2.07,N,N,N,
貿易百貨,2601,益航,35107,32,1097,1035,1009,909,0.01,796,2.37,N,N,N,
航運業,2603,長榮,12415257,2714,4575,3613,4213,3337,87.07,1422,18.61,N,N,N,
航運業,2605,新興,26129,19,1375,1445,1380,1460,0.34,1422,18.61,N,N,N,
航運業,2606,裕民,392021,249,1574,1669,1359,1453,5.21,1422,18.61,N,N,N,
航運業,2607,榮運,977303,1006,971,881,941,864,3.3,1422,18.61,N,N,N,
航運業,2608,嘉里大榮,2818911,4085,690,699,667,677,2.66,1422,18.61,N,N,N,
航運業,2609,陽明,4793161,1621,2957,2753,2585,2429,51.71,1422,18.61,N,N,N,
航運業,2610,華航,15632800,9543,1638,1729,1159,1241,0.48,1422,18.61,N,N,N,
航運業,2611,志信,20972,37,567,604,567,560,-1.37,1422,18.61,N,N,N,
航運業,2612,中航,61441,47,1307,1294,1000,1193,3.88,1422,18.61,N,N,N,
航運業,2613,中櫃,437278,690,634,595,614,580,1.05,1422,18.61,N,N,N,
其他,2614,東森,223894,227,986,1066,914,1003,-3.29,893,2.87,N,N,N,
航運業,2615,萬海,2834823,1161,2442,2554,2242,2380,33.17,1422,18.61,N,N,N,
油電燃氣業,2616,山隆,723496,938,771,824,632,776,2.13,1221,1.55,N,Y,N,本公司事業體包含運輸部門及油品部門，運輸部門主要員工為司機，其薪資結構與同業較不同，故薪水無法相比。
航運業,2617,台航,267825,193,1388,1293,1058,1100,4.83,1422,18.61,N,N,N,
航運業,2618,長榮航,11725783,8275,1417,1243,791,727,1.34,1422,18.61,N,N,N,
航運業,2630,亞航,700771,1079,649,631,600,596,0.08,1422,18.61,N,N,N,
航運業,2633,台灣高鐵,4377305,4615,948,898,860,812,0.67,1422,18.61,N,N,N,
航運業,2634,漢翔,5479423,5352,1024,896,848,762,1.73,1422,18.61,N,N,N,
航運業,2636,台驊投控,259846,330,787,727,493,552,18.03,1422,18.61,N,N,N,
航運業,2642,宅配通,1078309,1788,603,615,573,576,1.85,1422,18.61,N,N,N,
航運業,2645,長榮航太,2807511,2701,1039,0,975,0,4.48,1422,18.61,N,N,N,
觀光餐旅,2701,萬企,7297,15,486,457,452,431,0.47,596,1.29,Y,N,N,本公司營收來自租賃及育樂，租賃之招商、訂定係主管之職責，而育樂收入係受院線片強檔卡司陣容等因素影響。非主管之員工多從事一般事務工作，除有固定薪資保障外，並享有年終獎金、退休金、勞健保等一般員工福利。
觀光餐旅,2702,華園,20241,35,578,438,468,368,2.7,596,1.29,N,Y,N,員工核薪依薪資級距核訂，基層員工居多佔人力半數以上，人員流動率高且多為新進員工故拉低平均薪資，惟111年度非擔任主管職務之全時員工薪資較110年度成長32%高於同業成長之11%。
觀光餐旅,2704,國賓,423909,724,586,587,468,474,2.97,596,1.29,N,Y,Y,薪資平均數與同業及前一年度差異不大，主因直接服務人員比例高且推行產學合作實習，使基層員工佔比較高，另，EPS較前一年度增加及優於同業，主因出售高雄國賓50%土地產生之利益所致，該利益為非常態性之非營業收入。
觀光餐旅,2705,六福,326066,635,513,488,440,425,-1.66,596,1.29,N,N,N,
觀光餐旅,2706,第一店,12592,29,434,425,427,406,0.6,596,1.29,Y,N,N,本公司營業收入來自租賃及旅遊，租賃之作業由主管負責，旅遊收入係受大環境及政府政策推動所影響。本公司非主管員工係從事一般基本工作，除有固定薪資保障，並享有津貼、員工酬勞、退休金、勞健保等福利。
觀光餐旅,2707,晶華,755071,1170,645,610,535,495,7.09,596,1.29,N,N,N,
觀光餐旅,2712,遠雄來,149404,307,487,493,384,395,0.23,596,1.29,Y,N,Y,"1.員工薪資依公司薪資架構核定
2.任用實習生約40名，其薪資為法定基本工資，使平 
  均薪資較低
3.基層人力佔公司人數60%以上，使平均薪資較低
4.每年進行同業薪資調查，調整員工薪資，符合業界 
  水準"
觀光餐旅,2722,夏都,159343,364,438,419,393,359,1.38,596,1.29,Y,Y,N,"1、本公司員工核薪依薪資級距及地區性薪資參考核訂。
2、飯店及餐飲業基層員工佔比高，本公司基層員工佔非擔任經理人全職員工45%，其中建教生與實習生佔比15%。"
觀光餐旅,2727,王品,2056905,3101,663,594,559,502,5.15,596,1.29,N,N,N,
觀光餐旅,2731,雄獅,573505,1129,508,425,455,390,-8.91,596,1.29,N,N,N,
觀光餐旅,2739,寒舍,770685,1335,577,552,489,465,-3.69,596,1.29,N,N,N,
觀光餐旅,2748,雲品,308521,551,560,546,465,479,2.2,596,1.29,N,Y,N,本公司營收以餐飲為主，餐飲服務人員流動性高，具經驗之資深員工較少所致。
觀光餐旅,2753,八方雲集,413756,485,853,789,787,721,10,596,1.29,N,N,N,
金融保險業,2801,彰銀,8332007,6225,1338,1285,1253,1194,1.04,1274,1.34,N,N,N,
金融保險業,2809,京城銀,700106,843,830,846,759,763,1.98,1274,1.34,N,Y,N,金融業以存戶安全與金融穩定為優先原則。本行追求淨值穩定的成長，扎實及保守的資產品質與高度的流動性，以不負金融特許執照的社會責任。薪金以員工安居樂業，生活穩定為目標。不以各類型不同金融業的薪金來互相競爭
金融保險業,2812,台中銀,2602710,2485,1047,1058,883,876,1.12,1274,1.34,N,N,Y,111年較110年之非擔任主管職務之全時員工增加57人，多數為甫畢業之社會新鮮人及產學合作實習生，致薪資平均數減少。
金融保險業,2816,旺旺保,1020657,1014,1007,1005,781,786,-5.91,1274,1.34,N,N,N,
金融保險業,2820,華票,201964,137,1474,1581,1294,1386,0.77,1274,1.34,N,N,N,
金融保險業,2832,台產,849595,842,1009,960,783,728,1.86,1274,1.34,N,Y,N,金融保險業涵蓋金控、銀行、證券及產壽險等行業，市場規模及行業特性不盡相同，薪酬水平亦有差異。本公司每股盈餘較去年成長，同時，員工平均薪資、獎金亦較去年增加，與經營績效成正比。
金融保險業,2834,臺企銀,6499325,5065,1283,1195,1143,1069,1.26,1274,1.34,N,N,N,
金融保險業,2836,高雄銀,1226308,1003,1223,1185,1104,1085,0.75,1274,1.34,N,N,N,
金融保險業,2838,聯邦銀,3048823,3563,856,838,744,737,0.85,1274,1.34,N,N,N,
金融保險業,2845,遠東銀,2650864,2210,1199,1167,1061,1037,1,1274,1.34,N,N,N,
金融保險業,2849,安泰銀,1325067,1345,985,939,824,803,0.54,1274,1.34,N,N,N,
金融保險業,2850,新產,1918232,1585,1210,1159,898,871,6.34,1274,1.34,N,Y,N,金融保險業涵蓋範圍為金控、銀行、保險、證券等，各行業特性及規模差異甚大，不易有一致比較基礎，本公司致力於將經營績效回饋員工及股東，故員工平均薪資、獎金、酬勞均每年提昇，確實落實員工福祉政策。
金融保險業,2851,中再保,174929,136,1286,1631,1263,1479,0.41,1274,1.34,N,N,N,
金融保險業,2852,第一保,870860,810,1075,1040,836,786,1.86,1274,1.34,N,Y,N,同業平均每股盈餘及員工薪資平均數皆呈現負成長;本公司每股盈餘較去年成長，員工薪資、獎金及福利等亦較去年增加，與經營績效成正比。
金融保險業,2855,統一證,1555168,1368,1137,1782,819,1163,0.5,1274,1.34,N,N,N,
金融保險業,2867,三商壽,1479986,1567,944,872,820,743,-4.34,1274,1.34,N,N,N,
金融保險業,2880,華南金,12457811,9515,1309,1332,1135,1141,1.27,1274,1.34,N,N,N,
金融保險業,2881,富邦金,22151115,16841,1315,1436,1068,1136,3.54,1274,1.34,N,N,N,2022年度申報基礎包含日盛銀行及日盛證券
金融保險業,2882,國泰金,26958869,20316,1327,1320,1107,1088,2.58,1274,1.34,N,N,N,
金融保險業,2883,開發金,9217695,7414,1243,1468,1025,1143,0.98,1274,1.34,N,N,N,
金融保險業,2884,玉山金,9404674,7775,1210,1168,1113,1069,1.1,1274,1.34,N,N,N,
金融保險業,2885,元大金,11657064,9308,1252,1612,1078,1346,1.72,1274,1.34,N,Y,N,本公司111年整體經營績效較前一年度減降，主因為全球經濟、金融受俄烏戰爭、股債雙跌等之影響。台股成交量年減36.13%，間接影響人數占比最高之證券子公司員工業務及獎金，致本公司111年員工薪資平均數亦等幅減降。
金融保險業,2886,兆豐金,11105358,7754,1432,1450,1173,1173,1.32,1274,1.34,N,N,N,
金融保險業,2887,台新金,10879811,8588,1267,1300,1038,1034,1.09,1274,1.34,N,N,N,
金融保險業,2888,新光金,8165999,7881,1036,1198,872,1017,0.1,1274,1.34,N,N,N,
金融保險業,2889,國票金,1554034,1440,1079,1417,777,1010,0.41,1274,1.34,N,N,N,
金融保險業,2890,永豐金,9500736,7513,1265,1363,1089,1116,1.4,1274,1.34,N,Y,N,永豐111年EPS相較同業平均為高，主要為永豐是以銀行為主的金控，去年台美升息之下利息淨收益明顯成長，故銀行型金控獲利表現較佳；另，本公司薪資政策以穩健增長為宗旨，不因景氣波動而影響，以落實永續經營的理念。
金融保險業,2891,中信金,19489311,13268,1469,1557,1225,1259,1.55,1274,1.34,N,N,N,
金融保險業,2892,第一金,11234179,8400,1337,1294,1245,1180,1.56,1274,1.34,N,N,N,
金融保險業,2897,王道銀行,1022871,800,1279,1251,1032,1023,1.8,1274,1.34,N,N,N,
貿易百貨,2901,欣欣,15814,25,633,568,577,518,0.23,796,2.37,N,N,N,本公司訂定員工獎金辦法，依年度盈餘目標達成率，作為員工獎金發放之依據。
貿易百貨,2903,遠百,965539,1300,743,700,700,653,1.37,796,2.37,N,N,N,
其他,2904,匯僑,41487,59,703,671,670,655,1.5,893,2.87,N,N,N,
貿易百貨,2905,三商,1494055,1578,947,874,814,742,-5.82,796,2.37,N,N,N,
貿易百貨,2906,高林,67729,115,589,564,524,507,0.62,796,2.37,N,N,N,
貿易百貨,2908,特力,292680,315,929,926,816,795,0.86,796,2.37,N,N,N,
貿易百貨,2910,統領,35811,64,560,560,511,514,0.55,796,2.37,N,N,N,
貿易百貨,2911,麗嬰房,335609,712,471,477,436,434,-3.42,796,2.37,Y,N,N,本公司屬於勞力密集產業，基層作業員及銷售員佔76%。薪資包括本薪、獎金、加班費及員工酬勞，本薪佔70%與市場結構與水平相當，除符合法律規定的最低標準亦反應營運成本效益。111年度營運虧損，員工薪酬亦受影響。
貿易百貨,2912,統一超,5271347,5224,1009,933,851,807,8.93,796,2.37,N,N,N,
貿易百貨,2913,農林,173641,298,583,583,492,471,-2.07,796,2.37,N,N,N,
貿易百貨,2915,潤泰全,278113,442,629,540,422,420,15.55,796,2.37,N,Y,N,"本公司獲利中包含轉投資收益及投資性不動產評價利益，所佔比率較高,若排除後則獲利未能優於同業;又所營零售業務及量販店等屬人力需求較高行業,因受景氣等因素的影響經營績效及員工薪酬亦受影響。"
貿易百貨,2945,三商家購,970131,2276,426,413,358,346,0.82,796,2.37,Y,N,N,本公司屬零售業，員工薪酬與同業相當，因以直營為主門市員工達占81%，不若同業以加盟為主由加盟主雇用員工。112年調整門市各職級同仁薪資，幅度5.6%~12.6%，並將加強職能培訓，幫助員工晉升、留任，提升其薪酬福利。
電腦及週邊設備業,3002,歐格,28333,38,746,897,889,875,0.06,1335,5.19,N,N,Y,本公司獲利主要來自於營業外收入-採權益法認列投資收益，故與台灣員工績效關聯性較低。然本公司薪酬政策會衡量市場薪資水準及本業經營績效，對員工薪資做出適當調整，並依個人績效表現，發放績效獎金及員工酬勞。
電子零組件業,3003,健和興,467285,680,687,584,647,521,5.75,1000,8.28,N,N,N,
鋼鐵工業,3004,豐達科,323522,409,791,690,715,619,2.85,1153,1.61,N,Y,N,"因應疫情趨緩,公司營收產能逐漸回到疫情前,除了人力增加(含現場人力),改善績評核及獎酬制度,發行員工認股憑證,穩定員工留任意願使員工獲利小幅改善, 也持續改善員工獎酬及福利,以穩定人才使人員獲利持續攀升。"
電腦及週邊設備業,3005,神基,732582,450,1628,1488,1428,1242,4.27,1335,5.19,N,N,N,
半導體業,3006,晶豪科,1248333,483,2585,4509,2443,4333,3.71,1965,20,N,N,N,
光電業,3008,大立光,8346221,6709,1244,1146,878,842,169.52,919,-0.2,N,N,N,
電子通路業,3010,華立,469888,329,1428,1431,1180,1155,10.53,1120,6.49,N,N,N,
電子零組件業,3011,今皓,31879,45,708,670,620,540,-0.12,1000,8.28,N,N,N,
電腦及週邊設備業,3013,晟銘電,68851,69,998,877,956,840,1.17,1335,5.19,N,N,N,
半導體業,3014,聯陽,825131,410,2013,2849,1891,2698,7.56,1965,20,N,N,N,
電子零組件業,3015,全漢,708628,708,1001,984,877,845,3.85,1000,8.28,N,N,N,
半導體業,3016,嘉晶,748580,654,1145,951,1050,851,2.38,1965,20,N,N,N,
電腦及週邊設備業,3017,奇鋐,541345,524,1033,969,909,869,11.78,1335,5.19,N,Y,N,"1.本公司非擔任主管職全時員工之平均薪資，含基層之產線人員，以致平均薪資較同業為低，但仍較去年成長。
2.本公司實施績效承諾制度，以績效結果做為獎金、晉升及調薪之參考，將持續致力員工薪酬結構之優化。"
其他電子業,3018,隆銘綠能,36100,47,768,605,687,570,-2.73,1307,8.45,N,N,N,
光電業,3019,亞光,749333,884,848,954,685,783,3.29,919,-0.2,N,Y,N,係增進永續經營聘用公司營運所在地之人力所致，本國人員工加權人數為809人，較去年737人，成長9.77%，另扣除外藉人士，員工薪資-平均數(仟元/人)為889仟元，本國員工薪酬接近同業平均薪資。
電子零組件業,3021,鴻名,119145,165,722,693,598,561,1.92,1000,8.28,N,N,N,
電腦及週邊設備業,3022,威強電,291797,326,895,843,830,795,8.45,1335,5.19,N,Y,N,本公司員工薪酬係依據各工作職能及績效，並視公司整體營運成果狀況給予及調整；本公司人力結構組成相較同業不盡相同，致薪酬成本可能存在差異，惟本年度非主管職務之全時員工薪資平均數及中位數均較上年度成長。
電子零組件業,3023,信邦,785785,1147,685,677,496,498,12.22,1000,8.28,N,Y,N,國內有工廠OP約占52 %，不宜與國內沒有工廠的公司評比。獲利74% 來自海外轉投資收益，來自國內EPS 3.18 低於同業平均。產線員工月均薪35 K，優於法定工資 1.4 倍。薪資總金額相較去年成長 15%。
光電業,3024,憶聲,36349,62,586,867,512,822,0.33,919,-0.2,N,Y,N,"1.本集團轉為多角化經營,其中本(母)公司尚未達規模經濟,本業尚處於虧損,EPS主要來源為海外轉投資公司之獲利。
2.此薪資查調僅針對本(母)公司員工因本公司主要獲利為海外公司挹注,所以造成本公司EPS高於同業表現。"
通信網路業,3025,星通,132875,141,942,1007,792,844,0.95,1216,2.72,N,N,Y,"主因為人員異動.由於前一年度與當年度相差的8人中,皆為研發人員居多且薪資較高,故前一年度薪資總額較當年度呈正比反應,尚屬合理."
電子零組件業,3026,禾伸堂,838903,1001,838,869,665,646,7.79,1000,8.28,N,N,N,
通信網路業,3027,盛達,87747,103,852,788,762,716,0.41,1216,2.72,N,N,N,
電子通路業,3028,增你強,356093,312,1141,1048,1003,923,3.3,1120,6.49,N,N,N,
資訊服務業,3029,零壹,355794,297,1198,1050,993,849,4.03,997,2.93,N,N,N,
其他電子業,3030,德律,666856,512,1302,1168,1139,1019,8.13,1307,8.45,N,N,N,
光電業,3031,佰鴻,51959,66,787,849,707,761,1.16,919,-0.2,N,Y,N,本年度因增加較多基層行政人員及資深員工退休，且獲利較前一年度減少，員工酬勞提列數相對減少，致平均薪資較前一年度減少，且低於同業平均薪資。
電子零組件業,3032,偉訓,117933,118,999,970,917,881,3.28,1000,8.28,N,N,N,
電子通路業,3033,威健,618248,472,1310,1350,1174,1191,4.03,1120,6.49,N,N,N,
半導體業,3034,聯詠,10594785,2676,3959,4994,3222,4018,45.96,1965,20,N,N,N,
半導體業,3035,智原,1506792,591,2550,2073,2072,1633,9.88,1965,20,N,N,N,
電子通路業,3036,文曄,1339434,940,1425,1373,1096,1088,8.61,1120,6.49,N,N,N,
電子零組件業,3037,欣興,14446999,13143,1099,866,795,689,20.08,1000,8.28,N,N,N,
光電業,3038,全台,584287,865,675,621,570,535,2.83,919,-0.2,N,Y,N,"1.公司營運績效持續提高，員工薪資平均數有顯著成長。
2.本公司主要以台灣為生產基地，產線基層作業人員佔總人數比重逾半，在人力結構不同情況下，員工薪資平均數較同業水準為低。"
其他,3040,遠見,5078,7,725,815,679,828,1.6,893,2.87,N,N,N,
半導體業,3041,揚智,248066,138,1798,1818,1643,1564,0.07,1965,20,N,N,Y,本公司111年度新進人員佔比較高，又因新進人員平均薪資較低，故使EPS雖較前一年度成長，但整體員工平均薪資略為下降。
電子零組件業,3042,晶技,1133873,1067,1063,1036,808,782,9.06,1000,8.28,N,N,N,
其他電子業,3043,科風,102118,201,508,440,398,398,2.66,1307,8.45,N,N,N,
電子零組件業,3044,健鼎,787328,1115,706,666,492,465,11.8,1000,8.28,N,Y,N,公司員工薪酬係參考PCB同業水準並依各廠營運貢獻與人員職級按薪酬規則所定；所處產業特性需要，相較其他電子零組件業，公司製程直接員工佔比高，應對人力需求結構，於產線作業員額較高下，薪資平均數低於同業水準。
通信網路業,3045,台灣大,3945125,3596,1097,1072,943,923,3.91,1216,2.72,N,Y,N,本公司每年會依照營運目標達成率核定年終獎金、員工酬勞與年度調薪率，以獎勵同仁之貢獻，員工之獎酬在業界具競爭力。相較於同業，本公司員工之年資與年齡較輕，這是影響人事費用多寡原因之一。
電腦及週邊設備業,3046,建碁,19821,17,1166,1111,1191,1090,2.79,1335,5.19,N,N,N,
通信網路業,3047,訊舟,303206,286,1060,999,915,888,1.3,1216,2.72,N,N,N,
電子通路業,3048,益登,533833,402,1328,1345,1124,1111,3.11,1120,6.49,N,N,N,
光電業,3049,和鑫,208059,275,757,942,655,824,0.03,919,-0.2,N,Y,N,人力結構分佈直接員工佔總人數38%，其中直接員工人數移工佔比較高，故拉低總平均薪資，排除上述原因，薪資平均數仍維持在平均水準上。
光電業,3050,鈺德,126397,193,655,629,600,579,0.71,919,-0.2,N,Y,N,光電製造業涵蓋類別極廣，因產業屬性不同，我司所屬之資料儲存媒體複製業，產業前景及獲利情況逐年下調，員工薪酬維持往年水準。
光電業,3051,力特,326032,557,585,576,545,526,2.62,919,-0.2,N,Y,N,本公司基於營運考量，避免經營成本對公司重大衝擊，必須全面考量經營風險與損益，故未每年全面常態調薪，後續公司營收及獲利表現達到最佳平衡狀態時，將積極規劃相關薪酬政策，且依個人績效、年資條件不同而有差異。
建材營造,3052,夆典,72654,112,649,668,562,626,1.05,908,2.07,N,N,Y,由於111年本公司增加聘用外籍勞工，其薪資水準較低，影響整體薪資平均數，故111年度非主管職之員工年薪資平均數及中位數整體上均較前一年低。
食品工業,3054,立萬利,19716,22,896,947,792,824,-1.5,837,2.86,N,N,N,
電子通路業,3055,蔚華科,98559,65,1516,1288,1508,1155,2.14,1120,6.49,N,N,N,
建材營造,3056,總太,75286,54,1394,1529,799,895,9.81,908,2.07,N,N,Y,本公司營收認列採全部完工法，111年度完工認列個案較多營收增加以致EPS增長;薪資平均數減少係因當年度未有新案銷售&#22892;金較少所致。
電腦及週邊設備業,3057,喬鼎,152589,129,1183,1181,1010,1004,0.03,1335,5.19,N,N,N,
電子零組件業,3058,立德,116920,151,774,873,538,688,-1.01,1000,8.28,N,N,Y,111年度離職人員為職位及薪資較高，且因營運需求擴充生產線，新增生產線人員薪資較低，雖然人數變化不大，但平均薪資較前一年度減少。
光電業,3059,華晶科,294948,227,1299,1261,1209,1198,1.67,919,-0.2,N,N,N,
電腦及週邊設備業,3060,銘異,218727,340,643,640,553,557,0.29,1335,5.19,N,N,N,
通信網路業,3062,建漢,175018,157,1115,1047,1021,952,-1.12,1216,2.72,N,N,N,
電子零組件業,3090,日電貿,116806,134,872,864,727,717,8.02,1000,8.28,N,N,N,
電子零組件業,3092,鴻碩,5123,7,732,986,652,713,0.71,1000,8.28,N,N,Y,"1.為鼓勵員工及考量物價上漲因素,111年平均調幅3%。2.去(111)年員工分紅係依前一年度(110年)提撥數發放,惟110年獲利不佳，致發放金額較少。經營績效與一般員工薪酬並非存在直接關聯性,故無不合理之處。"
半導體業,3094,聯傑,73761,61,1209,1143,1177,1134,0.84,1965,20,N,N,N,
數位雲端,3130,一零四,972776,757,1285,1188,1129,1026,13.42,944,10.92,N,N,N,
通信網路業,3138,耀登,156605,101,1551,1228,1255,946,6.89,1216,2.72,N,N,N,
光電業,3149,正達,325130,517,629,663,557,583,-1.45,919,-0.2,N,N,N,
生技醫療業,3164,景岳,67678,115,589,584,514,553,0.66,781,3.03,N,N,N,
電機機械,3167,大量,146076,212,689,804,602,691,3.91,815,3.25,N,Y,N,本公司111年度因處分不動產而有利益，扣除處分利益後，EPS為1.68元，未較同業佳。
半導體業,3189,景碩,5146807,5473,940,750,680,582,15.47,1965,20,N,N,N,
電子通路業,3209,全科,242554,202,1201,1086,1016,981,5.01,1120,6.49,N,N,N,
電子零組件業,3229,晟鈦,81554,148,551,549,481,486,-0.66,1000,8.28,N,N,N,
電腦及週邊設備業,3231,緯創,14077172,10678,1318,1292,1107,1101,4.01,1335,5.19,N,N,N,
半導體業,3257,虹冠電,71483,64,1117,1303,942,1196,1.41,1965,20,N,N,N,
建材營造,3266,昇陽,71018,61,1164,1019,1157,1024,0.57,908,2.07,N,N,N,
電子零組件業,3296,勝德,75561,109,693,722,655,667,-0.69,1000,8.28,N,N,Y,本公司111年受惠外幣匯率上揚，獲外幣兌換利益挹注，減少EPS虧損。又當年度離職同仁有部分為年資較久及薪資較高之人員。為優化組織與人力，將部分原非擔任主管職務員工晉升為主管，故使非主管職員工薪資平均數下修。
其他電子業,3305,昇貿,114879,156,736,590,551,484,4.04,1307,8.45,N,N,N,
電子零組件業,3308,聯德,5960,9,662,639,540,643,0.28,1000,8.28,N,N,N,
通信網路業,3311,閎暉,155927,255,611,613,421,436,1.47,1216,2.72,N,N,Y,111年因應產能需求增補產線作業人員，故薪資平均數降低。
電子通路業,3312,弘憶股,66109,72,918,969,868,872,3.08,1120,6.49,N,N,N,
電子零組件業,3321,同泰,237077,461,514,535,458,479,-1.71,1000,8.28,N,N,N,
電子零組件業,3338,泰碩,57927,71,816,866,728,783,3.05,1000,8.28,N,N,Y,"1、111年EPS較上年度提升，主係業外兌換收益增加，非營業額及營業淨利上升所致。
2、112年在產業復甦未明態勢下，公司提撥111年員工酬勞金額降低及精簡年資長且薪資高之非主管級之人員，致平均數較上年度略低。"
汽車工業,3346,麗清,72295,83,871,982,729,702,0.3,815,-2.37,N,N,N,
光電業,3356,奇偶,155868,155,1006,947,893,848,1.19,919,-0.2,N,N,N,
電子零組件業,3376,新日興,1101832,1737,634,575,566,388,8.68,1000,8.28,N,Y,N,本公司員工薪酬依員工升遷及調薪作業辦法給予合理報酬，間接人員1071人，平均薪資733仟元。惟本公司作業員及外籍勞工666人，佔比偏高，以致整體員工平均薪資降低
通信網路業,3380,明泰,1269453,1137,1116,902,1050,825,1.69,1216,2.72,N,N,N,
光電業,3406,玉晶光,779416,877,889,879,708,717,29.06,919,-0.2,N,Y,N,本公司獲利主要來自海外轉投資收益，另台灣111年度增聘基層作業人員，其佔總人數比重增加，在前述情況下影響員工薪資平均數低於同業水準。
半導體業,3413,京鼎,420257,278,1512,1249,1222,1093,24.64,1965,20,N,Y,N,京鼎屬於半導體產業，但實際屬於半體體設備製造業，毛利率較晶圓代工廠及IC設計業者低。同仁薪資福利，公司每年皆會依經營狀況及參考同業業界條件進行調整，但調整幅度是無法與半導體晶圓代工廠及IC設計業者相比。
電腦及週邊設備業,3416,融程電,266087,321,829,727,690,593,6.23,1335,5.19,N,Y,N,本公司生產線位於台灣，製造單位員工佔總人數48.69%，從事於生產組裝檢測之基層工作；外籍移工佔員工總人數10.37%，對於員工平均薪資有所影響。
通信網路業,3419,譁裕,152436,197,774,826,670,722,0.28,1216,2.72,N,N,Y,主因網通無線應用產品需求增加，為滿足客戶的需求，於新竹鳳山工廠增加生產線之基層人員需求較110年度增加11%，以致影響整體非主管職員工之年度平均薪資數。
電子零組件業,3432,台端,6021,8,753,822,708,651,-17.57,1000,8.28,N,N,N,
光電業,3437,榮創,534746,810,660,662,576,569,-0.98,919,-0.2,N,N,N,
半導體業,3443,創意,1748299,646,2706,2237,2163,1856,27.69,1965,20,N,N,N,
通信網路業,3447,展達,155057,111,1397,0,1204,0,3.73,1216,2.72,N,N,N,
半導體業,3450,聯鈞,367240,593,619,648,529,575,1.32,1965,20,N,N,N,
光電業,3454,晶睿,1076941,902,1194,909,1014,721,8.11,919,-0.2,N,N,N,本公司薪酬給付標準係以整體營運狀況為主要考量，並視部門績效指標達成率及個人績效達成率和貢獻度核定，2022年營收成長82%、EPS達8.11元，故整體平均報酬也較2021年增幅30%，以肯定員工表現。
光電業,3481,群創,22373903,25080,892,1122,709,747,-2.76,919,-0.2,N,N,N,
電腦及週邊設備業,3494,誠研,103719,168,617,610,424,476,-1.94,1335,5.19,N,N,N,
電子零組件業,3501,維熹,176654,267,662,564,492,475,6.42,1000,8.28,N,N,N,
光電業,3504,揚明光,681307,918,742,739,571,622,0.57,919,-0.2,N,Y,N,本公司定期參考產業人才市場薪資水準，衡量公司薪資在就業市場競爭力。111年申報非擔任主管職務的全時員工平均薪資低於同業平均數，主要係直接人員占總人數約4成所致。但較2021年薪資平均數增加0.41%。
電腦及週邊設備業,3515,華擎,495858,307,1615,2277,1358,1937,8.69,1335,5.19,N,N,N,
其他電子業,3518,柏騰,28258,35,807,868,806,819,0.31,1307,8.45,N,N,N,
電子通路業,3528,安馳,167369,143,1170,1116,1009,1029,5.65,1120,6.49,N,N,N,
半導體業,3530,晶相光,144381,52,2777,1539,1999,1172,1.59,1965,20,N,N,N,
半導體業,3532,台勝科,1602363,1399,1145,1257,1094,1198,12.43,1965,20,N,N,Y,"員工薪資平均數較前一年度減少主係因110年年獎發放較111年高。
公司年獎發放不僅考量當年度EPS，同時也會將未來景氣的評估納入考慮。
綜合評估下，員工薪資平均數不一定與EPS完全為正相關。"
電子零組件業,3533,嘉澤,141904,96,1478,1437,1178,1185,58.7,1000,8.28,N,N,N,
光電業,3535,晶彩科,219585,206,1066,855,905,750,3.58,919,-0.2,N,N,N,
光電業,3543,州巧,221131,329,672,675,574,566,-0.55,919,-0.2,N,N,N,
半導體業,3545,敦泰,777747,410,1897,2679,1536,1963,-9.39,1965,20,N,N,N,
電子零組件業,3550,聯穎,45133,53,852,813,738,745,-0.26,1000,8.28,N,N,N,
居家生活,3557,嘉威,58373,50,1167,1177,881,885,7.03,693,5.77,N,N,N,
光電業,3563,牧德,263287,257,1024,1157,883,943,13.35,919,-0.2,N,N,N,
光電業,3576,聯合再生,1210363,1799,673,665,526,450,0.61,919,-0.2,N,Y,N,薪資平均數較前一年度減少，係因公司擴廠需求，大量招聘直接人員(111年度佔新進人員6成)，致使薪資平均數下降。
半導體業,3583,辛耘,572404,587,975,884,817,749,7.08,1965,20,N,N,N,
半導體業,3588,通嘉,264896,161,1645,1715,1474,1526,2.74,1965,20,N,N,N,
光電業,3591,艾笛森,87960,135,652,634,482,505,0.2,919,-0.2,N,Y,N,本公司111年度營收及毛利均較110年度減少，本業呈現淨損情形，合併公司111年度獲利主要來自轉投資公司之收益。另本公司111年度增聘基層員工較多，其佔總人數比重增加，在前述情況下影響員工薪資平均數低於同業水準。
半導體業,3592,瑞鼎,3547595,729,4866,0,3719,0,51.23,1965,20,N,N,N,
電子零組件業,3593,力銘,8181,12,682,653,680,643,-1,1000,8.28,N,N,N,
通信網路業,3596,智易,1434389,806,1780,1805,1518,1598,9.2,1216,2.72,N,N,Y,"111年度平均薪資及中位數較110年略低，係因考量人才發展策略及人力結構，非經理人之全時員工平均人數增加77人, 其中近四成工作年資低於5年，雖年度總薪資增加，但受前述因素影響，平均數及中位數略微低於去年。"
電子零組件業,3605,宏致,455966,573,796,823,605,634,1.68,1000,8.28,N,N,N,
電子零組件業,3607,谷崧,39447,70,564,611,478,545,-2.23,1000,8.28,N,N,N,
其他電子業,3617,碩天,400705,312,1284,936,1132,841,14.09,1307,8.45,N,Y,N,本公司屬其他電子產業別，該產業上市公司產業多樣且具人力結構差異，難一致性比較；本公司每年均進行年度調薪，並依公司營運績效核發獎金與員工酬勞，111年度整體薪酬水準較過往年度皆增加，屬合理範圍。
光電業,3622,洋華,105801,129,820,832,691,699,2.75,919,-0.2,N,Y,Y,本公司111年度平均調薪約5~6%，部分高薪員工離職，致平均薪資較前一年度微幅下降。本公司部分獲利來源為業外收入，111年度員工薪酬中獎金係根據本業(110:EPS0.41)經營績效發放。
電子零組件業,3645,達邁,321444,413,778,827,708,755,1.13,1000,8.28,N,N,N,
電腦及週邊設備業,3652,精聯,232477,278,836,808,733,730,1.22,1335,5.19,N,N,N,
電子零組件業,3653,健策,1195072,1526,783,727,666,612,19.54,1000,8.28,N,Y,N,員工薪資報酬政策係依據個人績效表現、對公司貢獻度及參考同業薪資水準後決定。員工酬勞估列係考量當期獲利情形及公司資金需求規劃並兼顧股東權益，在不超過公司章程所訂範圍內估列。
通信網路業,3669,圓展,493786,485,1018,953,884,773,3.58,1216,2.72,N,Y,N,本公司主要產品為台灣製造，工廠相關人力佔本次總申報人數約35%，其中直接員工約佔20%；另推行生產自動化以提升效率，亦降低直接員工之加班時數。
電子零組件業,3679,新至陞,45738,69,663,649,613,615,11.32,1000,8.28,N,Y,N,本公司員工薪酬依公司各項規章及辦法，給予合理報酬，惟本公司生產線製造相關員工佔全體員工比重達5成以上，致本公司薪資平均數較低
通信網路業,3682,亞太電,1517036,1662,913,749,822,660,-1.26,1216,2.72,N,N,N,
半導體業,3686,達能,5990,7,856,780,893,622,-0.4,1965,20,N,N,N,
通信網路業,3694,海華,183648,178,1032,1003,938,912,1.93,1216,2.72,N,N,N,
電腦及週邊設備業,3701,大眾控,281803,317,889,902,759,750,2.23,1335,5.19,N,N,Y,111年度預估發放之員工酬勞及績效獎金總計數小於110年度，以致薪資平均數些許下降1.46%，惟本年度之全時員工薪資中位數較上年度成長1.2%。
電子通路業,3702,大聯大,1478298,954,1550,1714,1364,1484,6.02,1120,6.49,N,N,N,
建材營造,3703,欣陸,1361561,1538,885,768,825,707,3.51,908,2.07,N,Y,N,"本公司111年度外籍移工佔總員工比例為32.4%， 對薪資水準呈現略有影響。若不納入移工計算，111年度員工年薪平均數為1,100仟元，與110年相比較成長15.4%。"
通信網路業,3704,合勤控,2147779,1851,1160,1078,944,895,3.87,1216,2.72,N,Y,N,"1通信網路業中，各公司間業務性質不同，如有門市銷售服務或製造為主等，薪資架構與政策並不相同。
2本次申報人數中製造直接人力約占3成，111年技術員人數比例較110年大幅成長，影響整體非主管職的年度薪資平均數。"
生技醫療業,3705,永信,1094056,1393,785,772,671,674,3.15,781,3.03,N,N,N,
電腦及週邊設備業,3706,神達,1445532,1171,1234,1147,1038,1001,7.76,1335,5.19,N,Y,N,"1.本年度EPS係因認列一次性評價利益與庫存跌價損失及應收帳款備抵損失，若扣除上述未實現損益後之EPS為3.22。
2.本公司訂有薪資報酬政策並定期檢討；本年度之全時員工薪資平均數及中位數均較上年度成長。"
綠能環保,3708,上緯投控,188528,277,681,758,466,620,9.48,827,4.3,N,Y,Y,"1.依營運績效與未來趨勢、個人績效，給予報酬，員工薪酬與經營績效正相關
2.於2022年度擴增產線，員工人數增加33.7%，影響平均薪資及薪資中位數
3.每年進行調薪，反應員工表現並校準市場薪酬水準"
半導體業,3711,日月光投控,50134482,50061,1001,915,772,726,14.53,1965,20,N,N,N,
電腦及週邊設備業,3712,永崴投控,394052,362,1089,970,920,849,2.15,1335,5.19,N,N,N,
光電業,3714,富采,3976880,4554,873,883,698,720,0.05,919,-0.2,N,Y,N,"公司獲利狀況不如預期，導致員工變動獎酬下降；
富采秉持訂定及實施合理薪酬福利措施，並將企業經營績效，適當反映在員工薪酬政策中，以確保永續經營目標。"
電子零組件業,3715,定穎投控,0,0,0,0,0,0,1.97,1000,8.28,Y,N,N,本公司於111/08/25成立，故無當年任職給薪滿六個月之員工人數，「薪資平均數」：0。
生技醫療業,4104,佳醫,179674,191,941,893,793,756,4.5,781,3.03,N,N,N,
生技醫療業,4106,雃博,191959,242,793,732,671,631,1.6,781,3.03,N,N,N,
生技醫療業,4108,懷特,20539,27,761,708,575,587,-0.4,781,3.03,N,N,N,
生技醫療業,4119,旭富,161379,192,841,696,760,634,3.24,781,3.03,N,N,N,
生技醫療業,4133,亞諾法,60020,93,645,621,571,547,1.24,781,3.03,N,N,N,
生技醫療業,4142,國光生,305936,470,651,623,594,564,0.68,781,3.03,N,N,N,
生技醫療業,4155,訊映,64576,81,797,709,724,623,1.51,781,3.03,N,N,N,
生技醫療業,4164,承業醫,138164,139,994,1019,824,857,2.21,781,3.03,N,N,N,
塑膠工業,4306,炎洲,202654,353,574,571,530,537,1.72,1219,2.56,N,N,N,
紡織纖維,4414,如興,29382,30,979,980,778,797,-5.32,730,1.47,N,N,N,
紡織纖維,4426,利勤,307855,549,561,418,537,397,-0.46,730,1.47,N,N,N,
紡織纖維,4438,廣越,167661,188,892,835,806,772,11.38,730,1.47,N,N,N,
紡織纖維,4440,宜新實業,99143,174,570,609,556,620,2.9,730,1.47,N,Y,N,"1.本公司工廠位於彰化地區,七成以上同仁為基層作業人員，且其中外籍同仁佔約三成，造成薪資平均數表現低於同業。
2.本公司依公司營運及獲利情況調薪幅度，平均每年調薪幅度約3%~5%。"
電機機械,4526,東台,450700,640,704,656,649,595,0.36,815,3.25,N,N,N,
電機機械,4532,瑞智,252630,287,880,922,786,791,1.38,815,3.25,N,N,Y,"EPS較前一年度增加,惟非擔任主管職務之全時員工薪資平均數較前一年度減少。係因本公司薪資是由固定薪及變動薪構成。其中變動薪係依據前一年度經營績效來評定核發,因此獎金發放年度與績效貢獻年度，有時間差的差異。"
運動休閒,4536,拓凱,182692,243,752,703,584,555,24.89,920,7.61,N,Y,N,"主計處公告工業及服務業受僱員工110年總薪資中位數為50.6萬元，敝司111年度中位數較前述金額高出15%，故薪資金額尚屬合理。
111年度同業薪資平均數成長率為2.2%，敝司成長率為7.0%。整體而言人員薪資為正向成長。"
電機機械,4540,全球傳動,567014,908,624,585,562,523,3.02,815,3.25,N,N,N,
電子零組件業,4545,銘鈺,298850,492,607,610,524,524,2.1,1000,8.28,N,N,Y,本公司111年度營收與EPS相較前一年度上升，因產品組合結構差異，製程不同，致全體員工加班減少，因此薪資較前一年略減。
汽車工業,4551,智伸科,70759,48,1474,1279,1213,1027,12.2,815,-2.37,N,N,N,
電機機械,4555,氣立,106149,204,520,498,441,440,2.55,815,3.25,N,N,N,
電機機械,4562,穎漢,159692,303,527,554,509,469,-0.14,815,3.25,N,N,Y,本公司營運人力需求，主要人力結構配置上以現場生產及內勤業務人員占比居多，惟本年度因人員流動率升高，補進新人薪資較資深員工為低，致造成平薪資降低。
電機機械,4564,元翎,143229,269,532,580,466,510,0.31,815,3.25,N,N,N,
電機機械,4566,時碩工業,230248,270,853,683,674,541,5.74,815,3.25,N,N,N,
電機機械,4572,駐龍,115580,186,621,532,567,474,5.13,815,3.25,N,Y,N,本公司111年度營收成長，基於回饋員工、招攬優秀人才，在111年度大幅調薪，員工薪資平均數由532仟元調升為621仟元，調薪幅度高達16.73%，公司的經營績效與員工薪酬成正比。
電機機械,4576,大銀微系統,548652,601,913,876,803,762,2.73,815,3.25,N,N,N,
電機機械,4583,台灣精銳,423911,638,664,0,605,0,14.47,815,3.25,N,Y,N,本公司員工薪酬定期參酌外部薪資水準給予合理報酬，惟直接人工佔非主管職人員約76%，外籍移工佔直接人工約37%，致使平均數較同業低。
化學工業,4720,德淵,155530,208,748,727,677,658,0.2,908,2.06,N,N,N,"1.本公司薪酬依學經歷、同業水準核薪，逐年依營運績效調整
2.員工酬勞按公司章程規定提列，依績效考核結果及貢獻度發放
3.整體薪酬參考公司營運績效、經營風險、考量貢獻度給予合理報酬，與經營績效有正面關聯性"
化學工業,4722,國精化,244609,288,849,818,781,776,3.15,908,2.06,N,Y,N,本公司111年度EPS 3.15元較110年度EPS 3.73元衰退，但111年度薪資平均數及中位數仍較110年度增加，為本公司員工薪資係依照個人學經歷及工作表現、同業薪資水準及經營結果核發，非僅考慮公司EPS獲利表現一項指標。
生技醫療業,4737,華廣,524159,914,573,543,495,472,1.5,781,3.03,N,N,N,
化學工業,4739,康普,156807,179,876,764,756,683,4.72,908,2.06,N,Y,N,本公司獲利表現較同業佳，然在非經理人之全時員工薪資平均數略低於同業，主要因素為員工組成架構的差異，若排除申報員工人數179人中之外籍員工人數，重新計算後員工之平均薪資為921仟元，與同業平均903仟元約略相當
生技醫療業,4746,台耀,679609,744,913,965,854,899,3.4,781,3.03,N,N,N,
化學工業,4755,三福化,343329,344,998,969,884,859,8.43,908,2.06,N,N,N,
化學工業,4764,雙鍵,84220,111,759,730,704,663,0.71,908,2.06,N,N,N,
化學工業,4766,南寶,530907,628,845,807,717,719,14.44,908,2.06,N,Y,N,"本公司員工薪酬福利係參考公司營運績效、個人績效達成率及對公司績效的貢獻度，給予合理報酬，與經營績效有正面關聯性。
若考量本公司淨利扣除投資收益及轉投資事業股利收入後之EPS約為2.64,並未高於同業太多。"
化學工業,4770,上品,434415,412,1054,931,827,753,22.54,908,2.06,N,N,N,
通信網路業,4904,遠傳,4969167,4995,995,962,872,837,2.95,1216,2.72,N,Y,N,"本公司的人力政策及結構與同業不同，客服及門市人
員之任用均採正職聘用。且本年度非擔任主管職務之
全體人員平均薪資較前一年度成長3.43%，中位數提
升4.18%。"
通信網路業,4906,正文,1072534,987,1087,952,895,812,1.7,1216,2.72,N,N,N,
電子零組件業,4915,致伸,1597392,903,1769,1662,1544,1362,6.1,1000,8.28,N,N,N,
電腦及週邊設備業,4916,事欣科,4681,8,585,674,623,669,1.21,1335,5.19,N,N,N,
半導體業,4919,新唐,2717908,1446,1880,1691,1441,1341,10.06,1965,20,N,N,N,
電器電纜,4930,燦星網,15997,19,842,799,705,612,3.2,881,3.42,N,N,N,
光電業,4934,太極,29500,30,983,898,854,835,0.49,919,-0.2,N,N,N,
電腦及週邊設備業,4938,和碩,11340069,8729,1299,1236,1039,984,5.66,1335,5.19,N,Y,N,本年度非擔任主管職全時員工平均薪資較去年成長，惟因基層生產作業人員佔比較高，故平均薪資較同業低。
光電業,4942,嘉彰,222006,284,782,764,563,572,4.53,919,-0.2,N,Y,N,本公司非管理職員工人數-加權平均(人)284人，其中直接員工人數外籍勞工佔比較高，本年平均工資78.2萬元較前一年度76.4萬元增加。
半導體業,4952,凌通,469249,213,2203,2346,2081,2223,5.32,1965,20,N,N,N,
光電業,4956,光鋐,232434,397,585,660,522,566,-0.72,919,-0.2,N,N,N,
光電業,4960,誠美材,771924,1051,734,766,721,696,0.69,919,-0.2,N,Y,N,"依公司獲利狀況及員工個人績效表現分配獎金或股票。
員工酬勞係依公司章程規定分派;年度績效獎金則以稅前獲利為基礎提撥預算依營運目標達成狀況及績效後發放;其他如持股信託,限制員工權利新股,多元獎酬凝聚向心力"
半導體業,4961,天鈺,1511300,511,2958,2345,2225,1836,16.49,1965,20,N,N,N,
半導體業,4967,十銓,208122,333,625,614,545,536,0.01,1965,20,N,N,N,
半導體業,4968,立積,403824,278,1453,1480,1202,1205,0.62,1965,20,N,N,N,
光電業,4976,佳凌,418922,762,550,549,523,522,-0.93,919,-0.2,N,N,N,
電子零組件業,4989,榮科,207752,211,985,1119,953,1071,1.47,1000,8.28,N,N,N,
資訊服務業,4994,傳奇,372817,488,764,723,679,650,0.48,997,2.93,N,N,N,
電子零組件業,4999,鑫禾,214437,309,694,684,532,530,2.77,1000,8.28,N,N,N,
鋼鐵工業,5007,三星,948083,1361,697,703,660,667,3.6,1153,1.61,N,Y,Y,本公司111年之淨利若扣除業外收入，其EPS與前一年度相當，獎金發放亦與前一年度相當。但111年之生產量較前一年度少，致員工加班少，使實際獲得之薪資亦減少，進而影響員工薪資平均數較前一年度減少。
資訊服務業,5203,訊連,535745,357,1501,1405,1193,1125,2.34,997,2.93,N,N,N,"考量未滿六個月員工流動率較以往偏高，避免扭曲薪資平均數，111年變更計算方式，改採用當年任職給薪滿六個月(含)以上之常僱員工作為計算基準；
若全體員工計入，相同基準下全時平均員工人數與薪資總額較110年增加。"
半導體業,5222,全訊,172905,221,782,765,700,691,3.71,1965,20,N,N,N,
光電業,5234,達興材料,505577,359,1408,1466,1102,1097,4.15,919,-0.2,N,N,N,
光電業,5244,弘凱,24367,20,1218,1189,956,934,2.58,919,-0.2,N,N,N,
電腦及週邊設備業,5258,虹堡,282963,348,813,707,645,586,8.19,1335,5.19,N,Y,N,所增加員工在比例上大部分為直接人員及新鮮人，使得整體平均薪資低於同業水準
半導體業,5269,祥碩,592612,251,2361,2475,1882,1984,37.86,1965,20,N,N,N,
電器電纜,5283,禾聯碩,480117,695,691,665,631,606,10.21,881,3.42,N,Y,N,公司111年平均員工薪酬已較110年提升，惟仍低於同業平均薪酬係公司成立時間相較同業晚，以產線作業員及基層員工、行政、助理等佔較多數，隨著平均年資增加、效率將隨之提高，經營績效提升，員工薪酬亦將會隨之增加。
半導體業,5285,界霖,167121,300,557,568,508,538,4.08,1965,20,N,N,N,
運動休閒,5306,桂盟,49512,52,952,803,755,691,15.26,920,7.61,N,N,N,
通信網路業,5388,中磊,1790108,1684,1063,912,647,591,7.57,1216,2.72,N,Y,N,近年來公司積極調整營運體質，拓展電信直效行銷業務已見成效，將營運成果與股東、員工共享，不僅提高現金股利，也提高員工分紅，故平均薪資逐漸上升。
電子通路業,5434,崇越,789784,442,1787,1529,1345,1179,16.61,1120,6.49,N,N,N,
電子零組件業,5469,瀚宇博,548047,649,844,828,724,730,6.07,1000,8.28,N,N,N,
半導體業,5471,松翰,496055,284,1747,2127,1598,1925,3.45,1965,20,N,N,N,
光電業,5484,慧友,70129,105,668,670,589,584,-1.26,919,-0.2,N,N,N,
建材營造,5515,建國,358628,398,901,917,755,748,0.72,908,2.07,N,N,N,
建材營造,5519,隆大,102130,90,1135,1028,1082,955,4.13,908,2.07,N,N,N,
建材營造,5521,工信,224334,391,574,709,416,585,0.02,908,2.07,N,N,N,
建材營造,5522,遠雄,215147,141,1526,1936,1443,1729,7.04,908,2.07,N,N,N,
建材營造,5525,順天,61362,46,1334,759,1208,777,2.39,908,2.07,N,N,N,
建材營造,5531,鄉林,96614,136,710,707,617,608,-1.41,908,2.07,N,N,N,
建材營造,5533,皇鼎,29710,32,928,832,800,804,3.56,908,2.07,N,N,N,
建材營造,5534,長虹,38721,37,1047,946,1001,913,9.82,908,2.07,N,N,N,
航運業,5607,遠雄港,583251,574,1016,1015,932,885,4.27,1422,18.61,N,N,N,
航運業,5608,四維航,110765,68,1629,1739,1508,1570,6.08,1422,18.61,N,N,N,
觀光餐旅,5706,鳳凰,24422,55,444,406,448,377,-0.43,596,1.29,Y,N,N,111年10月之前本公司受新冠肺炎政府禁團令之影響，使本業營收大幅下滑，除實施減班休息之外，獎金等相關等津貼也大幅減少所致。
金融保險業,5876,上海商銀,3385129,2476,1367,1290,1255,1191,3.33,1274,1.34,N,N,N,
金融保險業,5880,合庫金,11980378,8427,1422,1456,1324,1344,1.45,1274,1.34,N,N,N,本公司依據公司章程第三十五條之一規定，按當年度獲利狀況提撥萬分之一至萬分之八為員工酬勞，及訂定「經營績效獎金及員工酬勞提撥準則」，將經營績效與成果，反映於員工薪酬中。
金融保險業,6005,群益證,1468102,1702,863,1216,682,845,0.39,1274,1.34,N,N,N,
金融保險業,6024,群益期,323369,229,1412,1197,966,840,3.72,1274,1.34,N,N,N,
電子零組件業,6108,競國,269748,572,472,580,411,546,0.22,1000,8.28,Y,N,N,"1.本公司111年下半年度因客戶調節庫存，減少下單，致使
  本公司營業額減少，進而影響生產線員工之薪資結構。
2.因本公司獲利減少，致使提列之員工酬勞相對減少，影響
  整體員工薪資。"
資訊服務業,6112,邁達特,471255,455,1036,992,826,788,2.19,997,2.93,N,N,N,
電子零組件業,6115,鎰勝,99458,113,880,844,707,684,4.27,1000,8.28,N,N,N,
光電業,6116,彩晶,2209886,2668,828,1157,726,1014,-0.86,919,-0.2,N,N,N,
電腦及週邊設備業,6117,迎廣,417839,647,646,633,528,522,0.62,1335,5.19,N,N,N,
光電業,6120,達運,543659,630,863,890,754,711,0.19,919,-0.2,N,Y,Y,"本公司111年度獲利主要係業外收益，111年度薪資平均數較110年度減少，主要係員工流動產生之小幅差異。
員工薪資係依公司與個人績效綜合考量，並參考市場薪資水準進行調整且薪資中位數較前一年度成長。"
電腦及週邊設備業,6128,上福,248880,427,583,564,500,494,5.32,1335,5.19,N,Y,N,"111年EPS5.32，其中包括營業外出售土地利益269,362仟元，因為一次性出售資產之獲利與本公司本業經營績效無關，故扣除該業外利益後EPS為3.21，較同業為低。"
電子零組件業,6133,金橋,28092,36,780,680,684,577,0.78,1000,8.28,N,N,N,
通信網路業,6136,富爾特,40910,52,787,840,732,739,0.83,1216,2.72,N,N,N,
其他電子業,6139,亞翔,378395,464,816,551,676,463,4.43,1307,8.45,N,N,N,
電子零組件業,6141,柏承,220671,392,563,588,489,512,-1.29,1000,8.28,N,N,N,
通信網路業,6142,友勁,371382,593,626,566,470,408,0.29,1216,2.72,N,N,N,
通信網路業,6152,百一,143357,143,1002,1017,895,882,0.81,1216,2.72,N,N,Y,主係因111年度美金升值使公司帳上之兌換利益增加，稅後淨利上升，致本年度EPS較前一年度成長，惟本年度發放之員工獎金較少，故使平均薪資降低。
電子零組件業,6153,嘉聯益,1007780,1447,696,614,610,543,0.8,1000,8.28,N,N,N,
電子零組件業,6155,鈞寶,118780,223,533,512,469,455,2.19,1000,8.28,N,N,N,
光電業,6164,華興,28351,45,630,653,578,584,0.62,919,-0.2,N,Y,Y,"1.公司（EPS）較同業為佳或較前一年度增加，主要來自業外收入挹注，並非本業獲利。
2.因新進及離職人員的因素，111年度未發放薪資月數占比11.6%比110年度4.67%高出6.93%，故薪資平均數111年比110年低。"
數位雲端,6165,浪凡,1678,4,420,699,489,551,0.62,944,10.92,Y,N,N,"由於111年本公司因部分人員離職
未即時補充人力,故非擔任主管職務之全時員工
薪資平均數低於同業水準。"
電腦及週邊設備業,6166,凌華,1043992,999,1045,1087,950,981,3.71,1335,5.19,N,N,Y,EPS的結果反映在次年度的非經常性薪資(獎金)，2022年所發放的獎金受2021年度績效目標未達成之影響，適用該績效管理的人員獎金發放數皆乘以打折之績效係數，故年平均薪資減少。
光電業,6168,宏齊,399784,513,779,802,675,702,1.82,919,-0.2,N,Y,Y,"因總公司設置在新竹市香山區（非屬新竹科學園區內），相較薪資水準與園區內的同業較低。
且總公司大部份員工是新竹市香山區在地居民，所以薪資福利項目無居住外縣市之交通、住宿補助福利。"
光電業,6176,瑞儀,1297939,898,1445,1195,1043,919,14.47,919,-0.2,N,N,N,
建材營造,6177,達麗,43347,56,774,913,652,752,3.09,908,2.07,N,Y,N,本年度因新進員工較多，又多為資歷較淺之人員，一方面稀釋整體薪酬，另方面則因尚未展現績效而獎酬不如預期。
資訊服務業,6183,關貿,690928,575,1202,1089,1080,955,3.09,997,2.93,N,N,N,公司依據整體營業績效，作為發放員工酬勞及年終獎金之依據，在依據公司績效辦法辦理同仁年度績效評定，並依此評定結果發放個人酬勞或年終獎金。
其他,6184,大豐電,57396,83,692,610,570,514,3.48,893,2.87,N,Y,N,本公司薪資報酬政策係依工作職掌、學經歷及專業能力等因素訂定，考量財務性績效及非財務性績效，並視市場薪資水準、經濟趨勢調整。
電子通路業,6189,豐藝,253998,212,1198,1165,976,913,4.08,1120,6.49,N,N,N,
電子零組件業,6191,精成科,126873,65,1952,2164,1553,1787,5.24,1000,8.28,N,N,N,
其他電子業,6192,巨路,486609,424,1148,1097,1022,962,8.68,1307,8.45,N,Y,N,本公司屬其他電子產業別，此類別之上市公司產業多樣，強行比較並無實質意義。本公司每年均隨營運績效進行調薪，111年非擔任主管職務之全時員工薪資平均數及中位數均較110年成長，並無不合理之處。
其他電子業,6196,帆宣,1160330,747,1553,1370,1254,1116,11.34,1307,8.45,N,N,N,
電子零組件業,6197,佳必琪,195861,228,859,890,654,784,3.6,1000,8.28,N,N,Y,主係因應公司營運策略111年度台北廠產能擴充，111年度非擔任主管職務之員工人數較110年度增加38人，其中增加外籍作業員30人，致111年度的全時員工平均薪資較110年度減少。
其他電子業,6201,亞弘電,253282,434,584,598,520,524,3.72,1307,8.45,N,N,Y,"111年度EPS較同期成長10%，主係業外(兌換利益及被投資公司損益)增加131,752仟元，屬非經常性獲利。
另因資深員工符合退休條件，其薪資水位高於新進同仁，致平均薪資/平均中位數薪資分別均較同期減少約2%/1%。"
半導體業,6202,盛群,571573,424,1348,2036,1642,1796,4.89,1965,20,N,N,N,
電子零組件業,6205,詮欣,126419,150,843,749,639,589,4.06,1000,8.28,N,N,N,
電腦及週邊設備業,6206,飛捷,386388,384,1006,894,738,721,7.29,1335,5.19,N,Y,N,1.本公司為POS專業設計製造商，100%由台灣研發設計生產。 2.近二成人力為外籍勞工致員工平均薪資略低於同業水準。 3.本公司提供全體員工多項非薪酬福利，包括教育訓練、優於法令之員工健檢、員工旅遊、持股信託等。
光電業,6209,今國光,411960,776,531,511,483,467,0.37,919,-0.2,N,Y,N,本公司非擔任主管職員工薪資低於同業，主因本公司在產業鏈中屬製造生產端，產線作業員比例大於同業且台灣勞工招募不易，尚使用相當高比例的移工，在人力結構不同的情況下，非經理人之全時員工薪資低於同業。
電子零組件業,6213,聯茂,242729,366,663,872,546,609,4.94,1000,8.28,N,N,N,
資訊服務業,6214,精誠,1849499,1908,969,962,797,787,4.4,997,2.93,N,Y,N,本公司因業務發展111年度平均人數較110年度增加5.9%，尤以基層人員為主要招募及培訓人力，因此任職未滿一年比重高而影響整體全時員工平均工資，惟本公司平均薪資皆每年有持續成長。
其他電子業,6215,和椿,131022,131,1000,1077,911,971,2.58,1307,8.45,N,N,N,
通信網路業,6216,居易,212507,198,1073,990,906,865,1.96,1216,2.72,N,N,N,
電子零組件業,6224,聚鼎,214972,270,796,949,681,798,1.05,1000,8.28,N,N,N,
光電業,6225,天瀚,3964,4,991,1015,1007,1055,-0.2,919,-0.2,N,N,N,
光電業,6226,光鼎,34177,40,854,859,695,711,0.01,919,-0.2,N,Y,N,本公司員工薪酬係參酌員工學經歷、專業能力而定。本公司母公司111年度係營業淨利，每股盈餘0.01元，係因營收穩定發展及兌換利益所致。
電腦及週邊設備業,6230,尼得科超眾,402280,543,741,685,556,553,7.1,1335,5.19,N,Y,N,"1.本公司非擔任主管職務全時員工之平均薪資，因含基層之產線人員在內(約1/3以上人員)，以致平均薪資水準較同業為低。
2.配合日本母公司會計年度，本公司已於112年全面優化與調整員工薪酬結構。"
電腦及週邊設備業,6235,華孚,34966,39,897,932,702,729,1.83,1335,5.19,N,N,Y,主要係因兩年的非擔任主管名冊人數有異動，從45人降至40人(人員異動原因為：離職/轉為主管名單，不列入計算)，導致年薪與中位數下降。
半導體業,6239,力成,9566266,11087,863,891,688,734,11.6,1965,20,N,N,Y,因2022年度資歷較淺之員工佔比明顯提升，基於以上因素導致薪資平均數下降。
半導體業,6243,迅杰,84983,59,1440,1211,1327,1167,1.74,1965,20,N,N,N,
半導體業,6257,矽格,1850952,2297,806,760,631,588,6.68,1965,20,N,N,N,
電子零組件業,6269,台郡,1437133,2212,650,632,578,560,10.83,1000,8.28,N,Y,N,"1本公司依非擔任主管職務之全時員工薪資資訊申報作業規定計算全公司薪資平均數
2本公司製程以勞力密集為主製造直接人力佔比較大,直接人力薪資比例佔全公司薪資比較高,111年製造直接人力增加更多直接人力薪資佔更高"
半導體業,6271,同欣電,2163556,2577,840,893,648,620,17.98,1965,20,N,N,Y,非擔任主管職務之全時員工之酬金包括薪資、獎金及員工酬勞，係依公司經營績效、員工之績效考核及對公司之貢獻度來考量。
電腦及週邊設備業,6277,宏正,750564,624,1203,1087,1015,929,6.11,1335,5.19,N,Y,N,"1.本公司在台灣有生產線,有33%員工任職於生產製造單位,排除作業員,非主管職務之員工平均年薪為1,312仟元。2.本公司除固定薪資外，另有三節獎金、營運績效獎金與年度員工分紅，將公司營運績效與員工薪酬作正向連結。"
光電業,6278,台表科,574746,812,708,665,576,539,13.82,919,-0.2,N,Y,N,本公司非擔任主管職員工薪資低於同業，主因本公司在產業鏈中屬製造生產端，產線作業員比例大於同業，在人力結構不同的情況下，非經理人之全時員工薪資低於同業。
電子通路業,6281,全國電,1309325,1643,797,783,738,715,5.88,1120,6.49,N,N,N,
電子零組件業,6282,康舒,1681393,1503,1119,988,892,767,1.23,1000,8.28,N,N,N,
其他電子業,6283,淳安,33867,36,941,901,894,762,-0.62,1307,8.45,N,N,N,
通信網路業,6285,啟碁,5566426,4810,1157,984,821,736,7.93,1216,2.72,N,Y,N,"啟碁係一製造公司，且產品在台製造比重高，故工廠直接人員人數多，進而影響整體非主管職員工之年度平均薪資數。
另，通信網路業中，公司行業存有差異 (如服務業或製造業等)，故各公司之薪資結構比較基礎不盡相同。"
汽車工業,6288,聯嘉,485636,607,800,764,487,512,0.09,815,-2.37,N,Y,N,公司人力結構相較同業直接人員比例高，直接影響整體薪資平均水準。公司每年依獲利及員工績效做為薪資報酬調整規劃基礎。未來將參考營運績效及獲利情形並參酌同業用人標準，提升整體薪酬福利，以期達到同業平均水準。
光電業,6405,悅城,146771,248,592,669,548,648,0.07,919,-0.2,N,Y,N,"1.本公司與整體產業獲利差異並非很大，與員工績效關聯性較低。
2.經營環境嚴峻，產能稼動率下降，加班減少。 
3.外籍員工占比較高。
4.所謂同業公司實非真正同業，可比性偏低。"
其他電子業,6409,旭隼,168809,124,1361,1254,1089,1077,50.9,1307,8.45,N,N,N,
電子零組件業,6412,群電,1267792,716,1771,1616,1537,1352,8.22,1000,8.28,N,N,N,
電腦及週邊設備業,6414,樺漢,196878,153,1287,1118,1163,1044,32.6,1335,5.19,N,Y,N,公司章程所載員工酬勞之範圍如有獲利，將提撥獎金為員工酬勞，提撥的比率將考量個體及合併之經營績效；另參考市場薪資水準進行調整，111年員工年薪平均128.7萬，較110年度111.8萬 成長逾15%。
通信網路業,6416,瑞祺電通,160449,209,768,678,644,589,5.85,1216,2.72,N,Y,N,"同業中因產業型態各異，而有不同的人力架構，本公司每年定期視經營狀況與部門、個人績效表現進行全體員工薪資檢視調整，
亦依據公司章程比例提撥員工酬勞，111年度營收獲利成長已反應在員工111年的薪資成長上。"
通信網路業,6426,統新,142855,216,661,609,586,541,2.33,1216,2.72,N,N,N,
其他電子業,6438,迅得,471883,491,961,902,802,910,9.41,1307,8.45,N,Y,N,因產能擴充增加外籍移工與契約工(含工讀生)人數；布局人才培育與ESG永續策略，擴大與大學合作，增加產學合作與實習生人數。上述皆為薪資較低的個體，造成結構性人員比重變化，使平均薪資費用降低。
通信網路業,6442,光聖,274598,396,693,651,541,564,4.85,1216,2.72,N,Y,N,主要為銷貨產品之組合不同，銷貨毛利自21%增加至32%及兌換收益的加乘。主力產品有較優的利潤，帶動產品轉型。同時配合新產品發展及員工生活品質，積極招工調整工時，讓員工得以休養生息。
光電業,6443,元晶,880422,1542,571,568,479,479,0.41,919,-0.2,N,Y,N,"因應擴充產線需求，增加基層技術人員，其人數約佔111年度新進人員80%。而本公司人員結構，基層技術員工占比接近75%，故整體薪資平均數略低。
元晶致力照顧基層人員，業於112年提高班別津貼約增加1-2%。"
電子零組件業,6449,鈺邦,108812,103,1056,984,816,777,3.82,1000,8.28,N,N,N,
其他,6464,台數科,22537,39,578,569,523,506,6.66,893,2.87,N,Y,N,本公司合併財務報表編製主體較同業多，故合併後公司獲利表現較同業佳。在營運績效成長的同時，亦持續重視及增進基層員工的薪資福利。非擔任主管之全時員工薪資平均數近四年均為正成長，未來也會持續推動福利政策。
光電業,6477,安集,118093,197,599,480,562,461,1.93,919,-0.2,N,Y,N,本公司非擔任主管職員工薪資低於同業，本公司係屬光電業下之太陽能產業，於產業鏈中屬製造生產端，產線作業員比例較高，在人力結構不同的情況下，非經理人之全時員工薪資低於同業。
生技醫療業,6491,晶碩,1343911,1651,814,768,721,649,22.03,781,3.03,N,N,N,
其他,6504,南六,160154,292,548,547,489,500,0.8,893,2.87,N,N,N,
油電燃氣業,6505,台塑化,7504351,5115,1467,1546,1353,1452,1.51,1221,1.55,N,N,N,
半導體業,6515,穎崴,754010,572,1318,909,1105,763,32.22,1965,20,N,Y,N,111/9月進行結構性調薪，年度平均調幅為10%，持續提升員工薪酬福利，優化薪酬競爭力。
半導體業,6531,愛普*,265043,129,2055,2594,1674,1999,12.09,1965,20,N,N,N,
半導體業,6533,晶心科,639394,254,2517,1824,2057,1537,7.03,1965,20,N,N,N,
半導體業,6552,易華電,283033,540,524,526,471,473,0.88,1965,20,N,N,N,
其他電子業,6558,興能高,45023,51,883,827,709,721,-0.65,1307,8.45,N,N,N,
電腦及週邊設備業,6579,研揚,523352,455,1150,946,959,817,10.03,1335,5.19,N,Y,N,本公司員工薪資含月薪資、獎金及員工酬勞。員工酬勞以公司獲利提撥為基礎，依公司章程-年度獲利應提撥不低於5%為員工酬勞。本公司110年擬提撥7.92%，111年擬提撥8.36%，且員工平均薪資亦較110年高出21.6%。
綠能環保,6581,鋼聯,90131,93,969,814,923,805,8.84,827,4.3,N,N,N,
橡膠工業,6582,申豐,160986,191,843,1267,665,1044,1.65,745,0.95,N,N,N,
其他,6585,鼎基,429559,578,743,0,667,0,4,893,2.87,N,Y,N,本公司每年依據營運獲利狀況及個人績效發放獎金及調整薪資，亦考量薪資外部競爭力及內部公平性進行系統性調整，以達到與員工分享利潤及提升人力資源之目的。
其他,6592,和潤企業,1189292,980,1214,1186,978,939,7.04,893,2.87,N,N,N,
汽車工業,6605,帝寶,1887345,2818,670,586,635,547,10.86,815,-2.37,N,Y,N,公司人力結構直接員工數佔總人數之六成，其中外籍員工數佔直接員工數約四成，因此影響整體薪資平均水準。111年持續調薪及紅利獎金增加，較110年平均薪資達14%，後續仍將依營運及業界用人水準，合理提升薪酬福利。
其他,6625,必應,153251,223,687,583,630,515,-0.31,893,2.87,N,N,N,
其他,6655,科定,308610,403,766,799,678,650,5.56,893,2.87,N,Y,N,"其他行業組成多元，行業特性差異大，本公司111年非擔任主管職務之員工平均月薪為63,833元，優於主計處公布111年全體受僱人員每月平均薪資57,718元達10.6%。"
光電業,6668,中揚光,216685,307,706,729,609,670,-4.53,919,-0.2,N,N,N,
電腦及週邊設備業,6669,緯穎,2736479,2172,1260,1158,957,978,81.07,1335,5.19,N,Y,N,"1、111年EPS較去年高，員工薪資平均數較去年同期成長。
2、111年增補較多直接人員(整體佔比約5成)，致使薪資中位數下降。"
運動休閒,6670,復盛應用,818590,913,897,810,724,708,36.64,920,7.61,N,Y,N,本司為工業局核定A+級之3K產業(辛苦、骯髒、危險)，在少子化及就業市場無法滿足用工人數情況下，目前聘用接近於35%外籍移工大幅拉低薪資平均，影響比較。
通信網路業,6674,鋐寶科技,112731,129,874,919,769,770,-0.94,1216,2.72,N,N,N,
數位雲端,6689,伊雲谷,332825,344,968,0,754,0,1.61,944,10.92,N,N,N,
其他電子業,6691,洋基工程,530713,370,1434,1211,1150,1002,25.48,1307,8.45,N,N,N,
半導體業,6695,芯鼎,254072,157,1618,0,1430,0,0.8,1965,20,N,N,N,
其他電子業,6698,旭暉應材,95531,155,616,551,516,461,-0.55,1307,8.45,N,N,N,
光電業,6706,惠特,489561,545,898,997,663,671,12.66,919,-0.2,N,Y,N,"1、111下半年營收衰減為上半年度35%，員工人數持平；在下半年獎金減少、員工人數持平的狀況下，平均每人可分配的獎金減少。
2、111下半年總體經濟因素影響，產能需求降低、加班減少，致使平均薪資降低。"
電子零組件業,6715,嘉基,87585,75,1168,1047,1069,953,9.42,1000,8.28,N,N,N,
半導體業,6719,力智,540195,262,2062,1877,1717,1573,14.85,1965,20,N,N,N,
其他電子業,6743,安普新,96300,102,944,849,804,717,0.5,1307,8.45,N,N,N,
航運業,6753,龍德造船,316946,567,559,0,644,0,2.93,1422,18.61,N,N,N,
居家生活,6754,匯僑設計,239115,236,1013,995,879,879,5.23,693,5.77,N,N,N,
半導體業,6756,威鋒電子,425288,170,2502,2389,1745,1714,10.56,1965,20,N,N,N,依公司章程規定年度如有獲利，應提撥不低於5%為員工酬勞，將公司經營績效與員工獎酬連結，以達到企業留才並激勵員工與企業共同成長。
半導體業,6770,力積電,13318980,7943,1677,1501,1453,1315,5.8,1965,20,N,N,N,111年度公司營運佳，員工獎金及酬勞均較上一年度增加，並以員工工作績效為分配依據。
電子通路業,6776,展碁國際,295407,275,1074,1057,928,903,5.09,1120,6.49,N,N,N,
生技醫療業,6782,視陽,138954,96,1447,0,1186,0,11.11,781,3.03,N,N,N,
半導體業,6789,采鈺,1809361,1356,1334,1381,1069,1086,5.8,1965,20,N,N,N,
造紙工業,6790,永豐實,560017,659,850,827,746,714,2.55,817,0.95,N,N,N,
通信網路業,6792,詠業,408435,501,815,836,662,666,5.68,1216,2.72,N,Y,N,本公司生產製造據點100%均在國內，111年直接人力佔全公司56.44%，工廠作業員佔人力總數五成以上，影響本公司整體非主管職之年度薪資。另，111年申報總員工入職年資，未滿一年者佔全公司19.32％，亦影響薪資平均數。
生技醫療業,6796,晉弘,108590,116,936,0,773,0,2.2,781,3.03,N,N,N,
半導體業,6799,來頡,56246,33,1704,0,1562,0,7.58,1965,20,N,N,N,
綠能環保,6806,森崴能源,82500,95,868,1068,717,781,1.14,827,4.3,N,N,N,
其他電子業,6830,汎銓,485642,362,1342,0,1066,0,6.67,1307,8.45,N,N,N,
電子零組件業,6834,天二科技,200223,374,535,0,495,0,1.26,1000,8.28,N,N,N,
電子零組件業,6835,圓裕,34390,43,800,0,738,0,4.05,1000,8.28,N,N,N,
綠能環保,6873,泓德能源-創,126246,109,1158,0,1023,0,8.18,827,4.3,N,N,N,
通信網路業,8011,台通,145333,243,598,593,558,553,-1.62,1216,2.72,N,N,N,
半導體業,8016,矽創,1219801,335,3641,4263,3270,3885,30.1,1965,20,N,N,N,
其他電子業,8021,尖點,233733,311,752,721,634,631,2.34,1307,8.45,N,N,N,
半導體業,8028,昇陽半導體,690924,900,768,713,729,688,2.17,1965,20,N,N,N,
其他,8033,雷虎,17397,30,580,609,561,593,0.07,893,2.87,N,N,N,
電子零組件業,8039,台虹,664785,803,828,811,740,727,3.35,1000,8.28,N,N,N,
電子零組件業,8046,南電,7441747,6252,1190,1184,1131,1147,30.05,1000,8.28,N,N,N,
電子通路業,8070,長華*,144675,69,2097,1981,1325,1312,3.16,1120,6.49,N,N,N,
電子通路業,8072,陞泰,6575,10,658,554,446,475,1.18,1120,6.49,N,N,N,
半導體業,8081,致新,852889,329,2592,2601,2306,2470,22.46,1965,20,N,N,N,
通信網路業,8101,華冠,83150,98,848,818,815,647,-2.22,1216,2.72,N,N,N,
電子零組件業,8103,瀚荃,152988,164,933,928,788,790,4.2,1000,8.28,N,N,N,
光電業,8104,錸寶,130741,190,688,702,568,597,0.41,919,-0.2,N,Y,N,因同業股本及營收皆高出本公司數十倍，故同業間每股盈餘有所差異所致。
光電業,8105,凌巨,1310442,1578,830,762,742,657,1.39,919,-0.2,N,Y,N,本公司依據公司營運狀況及個人績效與表現，來給予同仁獎金與調薪，相較前一年度，111年提供員工較高的薪酬政策，並依照公司章程提列員工酬勞發放。
半導體業,8110,華東,1101631,1768,623,575,547,505,0.5,1965,20,N,N,N,
電子通路業,8112,至上,218437,168,1300,1380,1198,1238,5.16,1120,6.49,N,N,N,
電腦及週邊設備業,8114,振樺電,209360,304,689,691,565,565,11.25,1335,5.19,N,Y,Y,本公司商業運營模式及規模、獲利組成、資本結構、海內外員工結構和分工，與同業不盡相同。振樺品牌的銷售模式多透過經銷商拓展市場，但產品生產製造皆為in-house，員工組成結構有其特殊性製造單位約佔全體員工47%。
半導體業,8131,福懋科,1412046,2367,597,572,558,543,4.65,1965,20,N,N,N,
半導體業,8150,南茂,4989831,5262,948,1043,857,993,4.64,1965,20,N,N,N,
電腦及週邊設備業,8163,達方,1011416,836,1210,1125,1005,941,4.15,1335,5.19,N,N,N,
其他電子業,8201,無敵,78306,97,807,829,752,754,-1.39,1307,8.45,N,N,N,
電腦及週邊設備業,8210,勤誠,274933,221,1244,1299,1012,900,8.32,1335,5.19,N,Y,Y,新設立嘉義廠區，2022年增加大量作業員，若排除作業員計算，薪資平均數較上年度成長。
電子零組件業,8213,志超,483247,339,1426,1549,1210,1337,5.44,1000,8.28,N,N,N,
光電業,8215,明基材,1787701,1628,1098,1055,754,745,4.04,919,-0.2,N,N,N,
電機機械,8222,寶一,92055,179,514,462,494,428,0.28,815,3.25,N,N,N,
電子零組件業,8249,菱光,93412,63,1483,1425,1262,1198,3.22,1000,8.28,N,N,N,
半導體業,8261,富鼎,243148,122,1993,1897,1492,1512,8.83,1965,20,N,N,N,
半導體業,8271,宇瞻,524379,445,1178,1084,1014,959,5.23,1965,20,N,N,N,
綠能環保,8341,日友,334391,328,1019,942,828,705,7.72,827,4.3,N,N,N,
航運業,8367,建新國際,327398,431,760,761,704,686,2.98,1422,18.61,N,N,N,
電機機械,8374,羅昇,92229,103,895,946,816,836,0.7,815,3.25,N,N,N,
綠能環保,8422,可寧衛,74695,84,889,838,688,647,12.33,827,4.3,N,N,N,
綠能環保,8438,昶昕,152866,224,682,655,581,559,1.46,827,4.3,N,N,N,係依員工所負擔風險決策責任程度，對公司的貢獻度，參酌同業支付水準及參與永續經營發展所具備之專業職能條件等因素調整。
貿易百貨,8443,阿瘦,218225,383,570,512,515,461,-3.15,796,2.37,N,N,N,
數位雲端,8454,富邦媒,2180195,2589,842,867,724,743,15.72,944,10.92,N,Y,N,111年度因持續辦理擴大招募，故任職滿6個月未滿12個月(未全年度在職)人數佔18%，此部份員工未領滿全年度薪資，故影響我司平均年薪低於同業水準。
運動休閒,8462,柏文,859153,1311,655,522,541,455,0.95,920,7.61,N,N,N,
其他,8463,潤泰材,218142,324,673,643,604,555,0.25,893,2.87,N,N,N,
居家生活,8464,億豐,333735,229,1457,1373,1197,1095,21.07,693,5.77,N,N,N,
綠能環保,8473,山林水,318819,609,524,520,453,464,-1.89,827,4.3,N,N,N,
運動休閒,8478,東哥遊艇,608949,637,956,857,877,794,19.93,920,7.61,N,N,N,
其他,8481,政伸,244553,237,1032,1111,957,1022,4.43,893,2.87,N,N,N,
油電燃氣業,8926,台汽電,151241,122,1240,1192,1046,1029,1.54,1221,1.55,N,N,N,
觀光餐旅,8940,新天地,157887,317,498,546,406,462,0.35,596,1.29,Y,N,Y,"1.受疫情影響，111年獎金減發，故111年薪資平均數下降，未達50萬。
2.雖111年EPS較前年增長，但獎金發放於次年，呈現111年薪資降低，EPS成長反差現象。"
電機機械,8996,高力,403197,477,845,756,803,716,3.37,815,3.25,N,N,N,
其他,9902,台火,3139,6,523,668,568,710,-0.5,893,2.87,N,N,N,
運動休閒,9904,寶成,2766161,3076,899,813,659,598,4.29,920,7.61,N,N,N,
其他,9905,大華,170155,276,617,668,570,625,1.55,893,2.87,N,N,N,
建材營造,9906,欣巴巴,26602,46,578,676,503,558,5.08,908,2.07,N,Y,Y,因人員異動之緣故，非擔任主管職員工人數111年較110年減少，離職人員與新進員工之薪資亦有落差。又111年新進員工數較多，年資未滿一年，故需依在職時間，按比例領取年終及績效獎金。
其他,9907,統一實,975420,1083,901,824,848,791,1.42,893,2.87,N,N,N,
油電燃氣業,9908,大台北,254572,237,1074,1022,995,978,1.55,1221,1.55,N,N,N,
運動休閒,9910,豐泰,3562464,2556,1394,1154,1094,862,10.3,920,7.61,N,N,N,
居家生活,9911,櫻花,731678,940,778,748,648,637,4.66,693,5.77,N,N,N,
電腦及週邊設備業,9912,偉聯,28139,32,879,856,721,774,-0.27,1335,5.19,N,N,N,
運動休閒,9914,美利達,1192976,1249,955,938,777,773,11.34,920,7.61,N,N,N,
其他,9917,中保科,1797628,2331,771,729,724,677,5.85,893,2.87,N,Y,N,"本公司所經營業務多元化，非單一營運市場，人力
類別及薪資結構複雜，與所謂「同業」事業屬性多
不相同。且月底到/離職員工均計算為半月薪資也算
1人。以上各因素均影響薪資平均數。"
油電燃氣業,9918,欣天然,157260,168,936,938,867,865,0.81,1221,1.55,N,N,N,
其他,9919,康那香,320594,590,543,552,487,484,-1.34,893,2.87,N,N,N,
運動休閒,9921,巨大,2306313,2779,830,875,690,710,15.51,920,7.61,N,Y,N,"1.今年淨利相較去年低減,員工之變動獎金與公司獲利同步減少;
2.本年度為Covid 受惠高峰營收第三年,時局回穩,巿場需求急速降緩, 本司勞動加班及加班薪資低減;
在巿場衝擊下,薪資表現非領先"
居家生活,9924,福興,667714,1195,559,552,462,466,4.83,693,5.77,N,N,N,
其他,9925,新保,1160517,1702,682,659,635,609,2.51,893,2.87,N,N,N,
油電燃氣業,9926,新海,193599,155,1249,1222,1246,1279,2.52,1221,1.55,N,N,N,
其他,9927,泰銘,98760,137,721,668,684,633,4.07,893,2.87,N,Y,N,111年每股稅後淨利4.07元，較110年每股稅後淨利4.00元增加1.75%。111年非擔任主管員工薪資平均數721仟元，較110年非擔任主管員工薪資平均數668仟元增加7.93%。故本公司經營績效與員工薪酬之關聯性尚屬合理。
其他,9928,中視,268095,392,684,683,614,623,0.11,893,2.87,N,N,N,
其他,9929,秋雨,57942,111,522,501,495,470,-0.82,893,2.87,N,N,N,
綠能環保,9930,中聯資源,357199,249,1435,1368,1331,1259,3.04,827,4.3,N,N,N,
油電燃氣業,9931,欣高,95275,105,907,897,859,820,1.57,1221,1.55,N,Y,N,1.民生消費因地域不同造成南北薪資水平差異2.公司自110年調漲薪資5％、111年調漲薪資4%3.公司近年業外投資收入增加，採漸次調整薪資方式逐年提升員工待遇，避免因市場景氣反轉，造成人事費用突增過鉅影響公司營運
其他,9933,中鼎,3497649,3016,1160,1191,1014,1074,3.07,893,2.87,N,N,Y,因111年較110年人數增加且人力結構變化，增聘較大量之外籍移工，以致薪資平均數較前一年度減少。
居家生活,9934,成霖,64897,98,662,624,642,589,-2.48,693,5.77,N,N,N,
居家生活,9935,慶豐富,318191,538,591,544,519,478,1.31,693,5.77,N,N,N,
油電燃氣業,9937,全國,536560,1039,516,487,423,393,2.35,1221,1.55,N,Y,N,油電燃氣業員工結構多屬具有專業之全時人員，與本公司員工型態不同。因行業特性，本公司員工多為現場服務人員，部分工時及月薪加油員佔全體人數2/3，平均薪資水準因而低於同業，然與上櫃加油站同業相當。
其他,9938,百和,644102,993,649,671,499,525,5.1,893,2.87,N,Y,N,"1.本公司111年度員工薪資平均數超過50萬元，惟因產業別為”其它”，難以找到同產業別比較。
2.111年度員工薪酬減少3.3%，係因整體市場需求降低，營收與獲利衰退致相關附加獎金減少，故整體員工薪資較去年同期下降。"
其他,9939,宏全,913977,1332,686,648,627,599,7.7,893,2.87,N,Y,N,"本公司產業為傳統製造業，所需生產線人力佔總人數61%、現場流動性較高且外籍員工佔生產線人力29%，故整體平均數拉低；
將持續積極提升薪資福利制度、培育優秀人才、建立安全、舒適的職場環境等方式提高員工滿意度。"
其他,9940,信義,5072935,4590,1105,1263,802,945,1.66,893,2.87,N,N,N,
其他,9941,裕融,994613,728,1366,1285,1124,1063,12.06,893,2.87,N,N,N,
其他,9942,茂順,584651,957,611,567,542,518,7.82,893,2.87,N,Y,N,"本公司地處南投,屬傳統製造業且產線同仁比例近八成,但每年仍會依據政府法令與個人績效表現調薪,並經薪資調查給予同仁合理的薪酬。"
觀光餐旅,9943,好樂迪,455987,853,535,419,490,374,3.42,596,1.29,N,Y,N,111年度因疫情關係人員嚴重流失，招募門檻低於同業(50%為高中 畢業) 且營收尚未回覆疫情前水準，造成薪資及獎金平均數偏低
其他,9944,新麗,132747,216,615,608,538,525,2.12,893,2.87,N,N,N,
其他,9945,潤泰新,147406,230,641,653,386,376,3,893,2.87,N,Y,N,本公司獲利來源中，轉投資收益佔比較高，若排除此部分，獲利表現與同業不相上下。而量販事業受電商崛起業績下滑致虧損，此部分人力較多平均薪資不易拉升。本公司盡力改善量販營運績效，以回饋員工並提升員工福祉。
建材營造,9946,三發地產,32420,37,876,834,767,771,0.43,908,2.07,N,N,N,本公司認列營收採全部完工法，111年度因完工認列營收增加，唯獲利因個案毛利影響以致公司EPS減少。在永續發展前提下，本公司獎酬策略係以前一年經營績效評估，111年經營績效將於112年員工薪酬績效考量。
綠能環保,9955,佳龍,29494,53,556,527,480,429,-0.96,827,4.3,N,N,N,
鋼鐵工業,9958,世紀鋼,177822,288,617,690,529,638,1.59,1153,1.61,N,N,N,